"PROJECT","DATE","SITE","SAMPLE","SUBSTRATE","AVERAGE.DEPTH","EPIP.OM.AREA.g.m2","EPIP.ASH.AREA.g.m2","EPIP.CHLA.MG.M2.HAUER","EPIP.PHAEO.MG.M2.HAUER","EPIP.640/664","EPIP.PHICOCYANIN.MG/M2","EPIP.CHLA.MG.M2.RITCHIE","EPIP.CHLB.MG.M2.RITCHIE","EPIP.CHLC.MG.M2.RITCHIE","EPIP.CHLD.MG.M2.RITCHIE","EPIP.CHL.TOTAL.MG.M2.RITCHIE"
"LTREB","44033","BG","5","COBBLE","38","1.21594976347214","6.71812244318358","2.36536970417145","1.19775828647505","1.5404984423676","1.04450084682257","3.08957553015351","0.492635054959598","0.275073024028213","0.0914542741709303","3.94875716480136"
"LTREB","44033","CR","1","COBBLE","24","1.64387054561715","10.3075126103562","4.15188385102493","0.913414447225483","1.2680412371134","1.50169795788809","4.84399955682076","0.276643864096553","0.253156508314377","-0.0534360113873002","5.32039457380861"
"LTREB","44033","CR","2","COBBLE","36.75","2.09926711568676","16.0610595200162","5.78298107821329","1.93952288469307","1.28877005347594","1.36785579522129","6.65133225767304","0.544619532162666","0.77311809336512","0.0667700229589386","8.03588255793608"
"LTREB","44033","CR","3","COBBLE","35.25","0.56120758314099","5.65592017384277","1.3345340949723","0.353534470773362","1.30188679245283","0.345756484425768","1.57459370776483","0.106262112895885","0.130859052066791","0.0230958842633733","1.834821016567"
"LTREB","44033","CR","5","COBBLE","38","3.08664170727544","28.4906383041242","7.24238386043445","1.88301980371296","1.33578431372549","0.894190749137975","8.51113034970575","1.21946759967246","0.209194616276468","0.231246894117605","10.1710929615619"
"LTREB","44033","GC","1","COBBLE","25.75","1.99763175427566","14.8953846025337","1.20123677133413","2.25313059271861","2.38133333333333","0.975191710304657","2.46190485048512","0.645504502413268","0.285242784896766","0.240216833927763","3.63288471827235"
"LTREB","44033","GC","2","COBBLE","35.25","5.15375630517807","39.5008295758715","10.1393374046082","6.14697330154375","1.44836956521739","0.390939540780942","13.8534261312892","2.10393183804235","0.774703154032754","0.588805807853321","17.3209554266384"
"LTREB","44033","GC","3","COBBLE","21.5","0.531978021519062","2.43891462173355","0.371484344565388","0.0721116668862225","1.48936170212766","0.186028621986589","0.421993038739902","0.00990371206246156","0.00343207666652335","-0.0172848661896523","0.418046580247956"
"LTREB","44033","GC","4","COBBLE","32.5","1.76137338333729","15.7447956632669","0.682095204096952","1.52932924708053","1.50961538461538","0.374056545988118","0.825433887649172","0.167349833078661","0.268445673571081","-0.0240430155945209","1.23719095020783"
"LTREB","44033","GC","5","COBBLE","32.75","5.35017895927742","41.9198680957021","5.51919597640005","2.60538515944767","1.48571428571429","1.03659717336","7.39186622370121","-2.42323770880419","1.87069767279737","0.326520509922378","7.16590992700448"
"LTREB","44047","BG","1","COBBLE","26.5","1.21010385114776","6.34866078428243","2.01350758188803","0.422992678055547","1.41666666666667","2.43073034447941","2.28075322996081","0.179953549899088","0.249763038052844","0.0314908774272452","2.74197542703904"
"LTREB","44047","BG","4","COBBLE","30.75","2.91126433754388","28.6706924037153","1.42350303463712","0.713624547627292","1.59574468085106","3.60154966480729","1.81629727294574","0.403315477473562","0.112499110908859","0.0513261514784817","2.38344881605262"
"LTREB","44047","CR","4","COBBLE","35","0.546300506713805","3.4987785261446","1.33297323638169","1.17563869044811","1.62946428571429","3.88671326799081","1.99208099204297","0.521379300632179","0.129771782525403","0.124780273670876","2.76802446160176"
"LTREB","44047","CR","5","COBBLE","31.5","4.54227387604737","26.1855950746191","2.20705404712378","1.11226783166931","1.53333333333333","5.01614352906205","2.84996199988948","0.655965688859261","-1.0978354479996","0.174516134728558","2.5826259716738"
"LTREB","44047","GC","1","COBBLE","33.375","4.10383045171847","32.9370392180516","2.1102808145059","1.3838572264356","1.3953488372093","6.08278869176939","2.87838047274433","0.363449512213909","0.231761392861274","0.085687675844441","3.55929744490413"
"LTREB","44047","GC","2","COBBLE","31","7.97967032278592","54.1389940361322","2.55668637142061","2.81235500856267","1.3961038961039","11.5987577245664","4.1849403596456","0.636206887525505","0.294234040072441","-0.138786379259807","4.97661879788905"
"LTREB","44047","GC","3","COBBLE","39","3.62446564111888","22.0040139889863","2.87197980672401","2.24139293611721","1.45962732919255","8.60050621163565","4.12743297197344","0.592361619100102","0.318005470948925","0.164011279317503","5.20183776486368"
"LTREB","44047","GC","4","COBBLE","36.25","6.31358531033611","41.5644366263795","2.52859091678962","2.48644773484312","1.54411764705882","5.85585037533675","3.88688461168104","0.454986420860935","0.259203455717686","0.174367809902699","4.77546781556965"
"LTREB","44047","GC","5","COBBLE","33.625","25.3069544522639","198.735297014873",NA,NA,NA,"7.08162127151386",NA,NA,NA,NA,NA
"LTREB","44047","WS","1","SAND","34.75","0.282942156500248","1.19022774924485","1.30487778175069","0.0717994951680999","1.22370936902486","0.439144933807823","1.37211372392188","0.0837615412681531","0.192538489649129","0.00381422395516843","1.65223681781377"
"LTREB","44047","WS","3","COBBLE","35","0.233836492975412","1.34222146967886","1.36106869101268","0.190424748054526","1.26748251748252","0.521268310140788","1.50415649139159","0.102653308453883","0.188138037606071","0.0191738675308555","1.8141314793478"
"LTREB","44061","CR","2","COBBLE","25.25","0.531978021519061","2.15655705646574","0.458892425639597","1.72084659614849","1.3394495412844","0.717597429642944","1.484788510342","0.174578204287254","0.140886235643456","0.024718931669291","1.82498125293946"
"LTREB","44061","CR","3","COBBLE","27.75","2.4716517307501","12.5710498623581","0.087408081074209","17.5034682351103","1.37847222222222","3.48977582116505","10.370667965423","1.42434610872889","1.22669335775825","0.493190767385154","13.5149656377399"
"LTREB","44061","CR","4","COBBLE","32","4.01263421945806","20.7015447231132","0.405823233558828","9.62206886767979","1.4010989010989","4.95803516055766","6.1219193231014","1.28032229594408","0.545645296860489","0.258123791708232","8.20604825006315"
"LTREB","44061","CR","5","COBBLE","26.25","0.349195829509949","1.05195243639872","0.932352864791563","0.478996284286665","1.32806324110672","0.51259765298126","1.23429389962151","0.175737297097186","0.14785256967802","0.0380433578933548","1.59593493754676"
"LTREB","44061","GC","1","COBBLE","22.25","0.984159339810264","5.08302076605302","1.99243599091478","0.918253108856376","1.39234449760766","1.34083598845798","2.47234409722215","0.360249255200609","0.300533710942262","0.107813682331812","3.2409566436554"
"LTREB","44061","GC","2","COBBLE","30","9.81528679264292","69.7288730228029","2.36938334054731","2.90787955430806","1.5","11.3375974373868","4.05368951219647","0.515977256738759","0.396082049550808","0.202429130251633","5.16820457102239"
"LTREB","44061","GC","3","COBBLE","18.25","15.5431116880756","127.24914274736","14.2880995384519","19.8884601615638","1.20459770114943","8.78266483966349","25.5696871846324","7.42217923163787","1.56352059693873","1.09141229392375","35.6469469398026"
"LTREB","44061","GC","4","COBBLE","25.25","23.2339939420369","141.851062551209","7.25174901197812","7.5245870936169","1.65616797900262","14.0264481946371","11.2503669668208","2.80109004074","0.882332970730139","0.80041297368694","15.7342728690893"
"LTREB","44061","GC","5","COBBLE","40","3.92845308198692","25.1140393455592","0.037460606174661","7.06881638515853","1.52985074626866","3.33637908177318","4.06771435861113","0.735527216880222","0.448892548319399","0.30426724961553","5.55642803078648"
"LTREB","44061","WS","2","COBBLE","29.25","0.662341866352853","1.28855599454101","2.13822018327784","1.36170864303483","1.32957110609481","1.08033979691845","2.97953067554464","0.393861109123549","0.377972250304508","0.0750284608722339","3.82641134248167"
"LTREB","44061","WS","3","COBBLE","35.5","0.233836492975412","0.480144265576179",NA,NA,"1.30434782608696",NA,NA,NA,NA,NA,NA
"LTREB","44075","WS","1","COBBLE","31","0.526911564171262","1.79859235846921","1.21746970067648","0.0933393437185303","1.30711610486891","1.76616703144329","1.29898341182392","0.129071200041145","0.143369119042042","0.00835322746083548","1.57978514431546"
"LTREB","44075","CR","1","COBBLE","13","0.233836492975412","0.853503199360253","0.226324495638577","0.0632147729197404","1.35365853658537","0.443003235941918","0.268455371939628","0.0357662561761228","0.0282465714645811","0.00663981644759844","0.339109711342504"
"LTREB","44075","CR","2","COBBLE","25.5","-0.623174253779476","17.6160721983026","0.385532071880886","0.409881465894415","1.78666666666667","4.07951145644903","0.60819534862756","0.147735692352919","0.0652850267725613","0.0604483585977701","0.881668378187542"
"LTREB","44075","CR","3","COBBLE","24","3.13340900587052","17.02329668861","2.93441415034844","1.56710202497332","1.33783783783784","7.91770365214745","3.68136343809914","0.83313487163963","0.250320796547713","0.146991490176288","4.9118328109296"
"LTREB","44075","CR","4","COBBLE","21","3.43739644673855","17.7248061675362","14.2974646899956","-11.3692939740096","0.450511945392492","8.0065615194781","7.66457892221246","1.30230932171185","-1.83673467596639","0.299377354409025","7.42957885884801"
"LTREB","44075","CR","5","COBBLE","31.75","2.76511652943424","15.2402934296725","3.46822778833736","1.2430677815625","1.22525597269625","4.65311237371772","4.20886322186576","0.6632715885571","0.249751626831987","0.147013400655679","5.26892633158518"
"LTREB","44075","GC","1","COBBLE","31.75","0.0598036830784616","0.280369955077519","0.0772625002352383","0.0116752222577693","1.31623931623932","0.10475290294066","0.0845769408109831","0.00893024606547507","0.00824770598745023","0.0016124294753629","0.10336786250157"
"LTREB","44075","GC","3","COBBLE","24.25","1.27616266041331","4.13130623964309","1.73255303557807","0.814299926721693","1.20879120879121","2.21057328634306","1.92805336839817","0.374598298375043","0.130615031994546","0.0514734801608809","2.48475185906147"
"LTREB","44075","GC","4","COBBLE","36.25","1.34631360830593","3.90156188529475","4.47498157928138","0.762947679090593","1.36645962732919","3.06355035359411","4.96986997622188","0.558125571396274","0.682695848204633","0.0630517128872763","6.2737744311083"
"LTREB","44103","CR","1","COBBLE","20","0.224483033256396","0.519117014405414",NA,NA,"1.28878281622912","0.831990242006515","1.72874183980549","0.0649736325607782","0.2051889971518","0.037731739588266","2.03664781908821"
"LTREB","44103","CR","2","COBBLE","24.5","1.3913271332037","8.59349111684638",NA,NA,"1.26524390243902","3.07962661248617","8.84177402835782","0.706812189077439","0.866757753291578","0.160504199595858","10.5759055771817"
"LTREB","44103","CR","3","COBBLE","33.75","2.57220142272953","13.9863452360918",NA,NA,"1.32366589327146","6.2405114062813","14.3912860291853","1.04323432991749","1.63133603270681","0.216992811942969","17.2829427383497"
"LTREB","44103","CR","4","COBBLE","28","1.87653785612768","26.476136917141",NA,NA,"1.37055214723926","3.45844173110634","5.37948492697343","1.13772508452743","0.425504783499582","0.0818459293340493","7.02459235072017"
"LTREB","44103","CR","5","COBBLE","28.5","1.48720009532362","7.41729355718006",NA,NA,"1.28219178082192","2.19993372591267","4.00096951984248","0.334965538249835","0.477233998941005","0.0822554471841972","4.89545050683554"
"LTREB","44103","GC","1","COBBLE","33.5","5.44020600907296","33.104232310529",NA,NA,"1.61490683229814","9.76922100352675","14.1766598471582","1.60516943684725","2.03167502884494","0.719282817857889","18.5328812732803"
"LTREB","44103","GC","2","COBBLE","20.5","5.52672551147386","29.7358176292182",NA,NA,"1.312625250501","76.570578052524","19.4857026062706","1.08615312412753","2.18269581409081","0.37699049246548","23.1316708808621"
"LTREB","44103","GC","3","COBBLE","20.5","1.31474568175425","8.67884143678241",NA,NA,"1.17277486910995","1.90752119144692","1.73678018555027","0.0524518929688762","0.131708714501754","0.104248237021521","2.02520134153378"
"LTREB","44103","GC","4","COBBLE","23.75","1.28434693766745","8.20766090343696",NA,NA,"1.32432432432432","2.24494725081044","5.78723599042312","0.275243148428156","0.751055234422676","0.100088548877543","6.9136613005659"
"LTREB","44103","GC","5","COBBLE","19","1.55735104321624","12.1782045541594",NA,NA,"1.30660377358491","2.68537828532963","3.50363170902171","0.182410844069169","0.378881762020665","0.0596219921234197","4.12456945704777"
"LTREB","44103","WS","1","COBBLE","33.5","3.04893557278316","50.0991763243658",NA,NA,"1.26315789473684","3.98527534977994","23.8968700926237","1.45779389653786","3.03150315868939","0.161920304628448","28.5482422317771"
"LTREB","44369","BG","4","COBBLE","17.0625","1.19958120896386","8.39706846274703","0","2.0060154606531","1.5","2.09611032303159","1.20489977322929","0.122919823765465","0.0743348907268354","0.0430981117246819","1.44526049142791"
"LTREB","44369","BG","5","COBBLE","7","0.289957251289512","1.97358000071247","0.024973737449774","0.709254143573581","1.45238095238095","0.544184286452378","0.431629709527385","0.0404270559245471","0.0194409789567813","0.011364453558605","0.502865004005234"
"LTREB","44369","BN","1","COBBLE","15","7.09927592673349","71.2628404167216","-0.103016666980318","6.66517835362656","1.53333333333333","8.15259240934125","3.86874154217851","0.601069842092227","0.184529087016261","0.212081608386042","4.86644715863692"
"LTREB","44369","BN","2","COBBLE","9.4375","0.409213862706966","2.95218572381457","0.0780429295305438","1.34233838792535","1.44444444444444","1.40477273154979","0.882453034077458","0.10129475350517","0.0769041458097535","0.0442974006380296","1.10495517994274"
"LTREB","44369","BN","3","COBBLE","13.5","6.84205578446055","51.392584426136","0","7.30731557780387","1.48684210526316","9.38339079011733","4.37189256329013","0.583464795284569","0.251837553575749","0.186668258329474","5.39389146469557"
"LTREB","44369","BN","4","COBBLE","12.875","-0.21279120860762","30.641934039498","0.0437040405371042","1.45534454988558","0.130434782608696","1.27609250946542","0.771497606468801","0.0931974751182421","0.0572932144898776","0.0188167992060821","0.940810005849355"
"LTREB","44369","BN","5","COBBLE","12.6875","3.63381910083791","32.0554756395343","-0.115503535705205","3.67301243542551","1.53488372093023","5.7146131335796","2.06168706583149","0.371397941981234","0.163863611572189","0.142870519509634","2.73983254941742"
"LTREB","44384","WS","1","COBBLE","30.75",NA,NA,NA,NA,NA,NA,NA,NA,NA,NA,NA
"LTREB","44384","WS","2","COBBLE","27.75",NA,NA,NA,NA,NA,NA,NA,NA,NA,NA,NA
"LTREB","44384","WS","3","GRAVEL","37.125",NA,NA,NA,NA,NA,NA,NA,NA,NA,NA,NA
"LTREB","44384","WS","4","COBBLE","33.25",NA,NA,NA,NA,NA,NA,NA,NA,NA,NA,NA
"LTREB","44384","WS","5","COBBLE","36.75",NA,NA,NA,NA,NA,NA,NA,NA,NA,NA,NA
"LTREB","44384","DL","1","COBBLE","8.5",NA,NA,NA,NA,NA,NA,NA,NA,NA,NA,NA
"LTREB","44384","DL","2","COBBLE","31.5",NA,NA,NA,NA,NA,NA,NA,NA,NA,NA,NA
"LTREB","44384","DL","3","COBBLE","29.5",NA,NA,NA,NA,NA,NA,NA,NA,NA,NA,NA
"LTREB","44384","DL","4","COBBLE","11",NA,NA,NA,NA,NA,NA,NA,NA,NA,NA,NA
"LTREB","44384","DL","5","COBBLE","16.5",NA,NA,NA,NA,NA,NA,NA,NA,NA,NA,NA
"LTREB","44384","GR","1","COBBLE","12.125",NA,NA,NA,NA,NA,NA,NA,NA,NA,NA,NA
"LTREB","44384","GR","2","COBBLE","22.75",NA,NA,NA,NA,NA,NA,NA,NA,NA,NA,NA
"LTREB","44384","GR","3","COBBLE","23.25",NA,NA,NA,NA,NA,NA,NA,NA,NA,NA,NA
"LTREB","44384","GR","4","COBBLE","28.75",NA,NA,NA,NA,NA,NA,NA,NA,NA,NA,NA
"LTREB","44384","GR","5","COBBLE","37.25",NA,NA,NA,NA,NA,NA,NA,NA,NA,NA,NA
"LTREB","44384","GC","1","COBBLE","6.625",NA,NA,NA,NA,NA,NA,NA,NA,NA,NA,NA
"LTREB","44384","GC","2","COBBLE","14.625","0.671110734839431","3.64200337809204","0","2.41683344170188","1.35668789808917","1.00502924680832","1.45643297691761","0.0611382697866447","0.166065369222747","0.00302654572858075","1.68667265541719"
"LTREB","44384","GC","3","COBBLE","13.8125","1.43166392824196","6.94085170274266","0.0483866163089371","4.62576051913439","1.43065693430657","2.31059684621329","2.80136471677648","0.209419450064464","0.29138076017006","0.0361632871575457","3.33834633649675"
"LTREB","44384","GC","4","COBBLE","14","1.98059509550174","6.76488974177866","0","2.93254112003971","1.45762711864407","2.5001797828931","1.71858885804151","0.0763406232453322","0.1449538389765","0.0188881894873875","1.95878282743699"
"LTREB","44384","GC","5","COBBLE","9.625","1.13995290325513","7.48569073137537","-0.0202911616779414","3.58544826849224","1.424","1.71372919789355","2.08665194672409","0.15158462933547","-0.760724314948086","0.0446590229285037","1.52218488747795"
"LTREB","44384","BG","1","COBBLE","13.5","0.434935876934266","2.86215867401904","-0.00936515154366525","1.42537606494585","1.06103286384977","0.621888153068108","0.84792152227293","0.0130347476279284","0.102942342051025","0.00778566787638888","0.971689962055052"
"LTREB","44384","BG","2","COBBLE","14.625","6.70526143606993","71.4651089831454","-0.404262374968217","8.32780492434526","1.50261780104712","4.58769661480785","4.57494234236142","0.251098630257947","0.312092067566755","0.0676703636078417","5.20583346932105"
"LTREB","44384","BG","3","COBBLE","7",NA,NA,"-0.35587575865928","13.309753373857","1.54146341463415","6.69432958002333","7.56895723494198","0.690617228935633","0.460458247409771","0.238544054176519","8.95862641479728"
"LTREB","44384","BG","4","COBBLE","15.125","2.85748194415953","23.3918335747953","-0.162329293423531","6.35519183753123","1.48837209302326","2.89700031147238","3.62189423474023","0.221177918113733","0.278169331533952","0.0711628519323253","4.19242819933435"
"LTREB","44384","BG","5","COBBLE","7.5",NA,NA,NA,NA,NA,NA,NA,NA,NA,NA,NA
"LTREB","44384","BN","1","COBBLE","15","2.55466368575637","14.7094845906183","-0.215398485504301","6.59837360594841","1.43089430894309","3.87771056301125","3.73605715075573","0.24803982678516","0.214596858930907","0.0678257830328979","4.26654409049369"
"LTREB","44384","BN","2","COBBLE","15.875","3.16731529735195","18.601693016194","-0.134233838792535","7.98020171621621","1.42331288343558","3.66503627265012","4.62594242054227","0.299586299007323","0.335710032722082","0.092632409232967","5.35390157778647"
"LTREB","44384","BN","3","COBBLE","6.8125","2.09517497705969","10.0830295770998","0","4.96477900501507","1.46099290780142","2.3832615364054","2.97578076130177","0.214829514549593","0.227314886720925","0.0580945253840057","3.4760391431525"
"LTREB","44384","BN","4","COBBLE","11.25","1.27733184287819","5.27067455166578","-0.10769924275215","7.74716552863801","1.2996632996633","1.94019984134024","4.4861226780678","0.067247487848033","0.528842274148262","0.0465985446440143","5.12884110284841"
"LTREB","44384","BN","5","COBBLE","8.1875","2.93464798684142","22.6470643446686","-0.124868687248869","3.9052681937084","1.64670658682635","2.47282091321498","2.1618428134712","0.230206766013201","0.153691724127758","0.0935364678821085","2.63929203552034"
"LTREB","44397","WS","3","COBBLE","27","0.253879620944733","0.290625355555154","-0.0665966331993992","6.58141227593044","1.23895401262399","0.781247723030851","4.06145407243209","-1.58097541938875","1.18987368961628","0.0186950717223889","3.68908183511378"
"LTREB","44397","GC","3","COBBLE","38.25","2.50789638716129","13.6443593651153","0","8.98118033037497","1.31970260223048","4.61242482394","5.28321888570882","0.361086746446113","0.538147037417615","0.0928761720850692","6.27536339099945"
"LTREB","44397","GC","4","COBBLE","32.5","1.89056804570621","2.94633981149019","0","6.69982941433812","1.24305555555556","1.74816162148418","3.99986720292277","0.196605081639341","0.42654627954747","0.0448634252529259","4.66790826089249"
"LTREB","44397","GC","5","COBBLE","26.25","4.49901412484692","20.1847660736376","-0.324658586847062","17.1419733855249","1.35172413793103","9.50872715035215","9.88308707580625","0.585687130546508","1.14129166394472","0.175228088514443","11.7853590121243"
"LTREB","44397","BG","1","COBBLE","12","15.2227556926993","76.4645332029597","-1.31112121611314","68.3094153594943","1.96613545816733","20.9540881355267","39.3596414397778","3.06149259245593","3.47700226889977","1.43409372324047","47.3324923889191"
"LTREB","44397","BG","2","COBBLE","18.5","51.9841907533638","333.42277860378","-2.41620909826564","77.7750861963949","1.40826873385013","23.5487378615818","43.1269373103786","3.58092042232781","3.20248154662484","1.92312346376772","51.8337523262119"
"LTREB","44397","BG","3","COBBLE","27.25","42.7920782145004","301.912141992879","-10.769924275215","125.165250381086","1.38676470588235","30.4455113853986","63.7659804852593","0.70651650283207","2.18180321342983","-1.48569448060447","65.169015227075"
"LTREB","44397","BG","4","COBBLE","27.75","25.3619060281132","158.206756052374","-3.07801314068465","100.288910507366","1.4151724137931","23.8903729778189","54.9171034863582","4.0385580345788","5.19853363183429","1.9713572211612","66.1259192400063"
"LTREB","44397","BG","5","COBBLE","32.75","42.2308706313594","336.783009007837","2.84076263491179","144.922598421038","1.53039832285115","31.6731529735195","87.0629672893841","7.44573053000905","9.92883451992087","3.56922632946506","108.007339752464"
"LTREB","44397","BN","1","COBBLE","22.5","15.6261236430819","104.482821791274","-1.13318333678348","81.3213569142628","1.38503649635036","17.5205499909222","47.2676817170103","4.66985624748904","5.76511208846418","1.27247305961707","58.9754298476002"
"LTREB","44397","BN","2","COBBLE","10.75","23.8162468095457","151.982028609369","-0.842863638929873","61.744444127385","1.9443231441048","18.9021729096674","35.561316612358","6.76725745318828","5.39992638705723","1.39291020626114","49.1216309328411"
"LTREB","44397","BN","3","COBBLE","11.75","6.51000796443547","27.4991715739085","-0.899054548191864","75.1609602288398","1.41880341880342","35.0754739463118","43.8910371486374","3.84538313553039","4.09508683757314","1.47872810564852","53.3105248105023"
"LTREB","44397","BN","4","COBBLE","26","23.87002920293","144.033926213135","-2.89695354417379","170.19602072021","1.47335907335907","36.2458255936537","98.3919077490462","8.19409548727186","14.1568660790844","2.20907084010839","122.952581662546"
"LTREB","44397","BN","5","COBBLE","33.75","13.6513744599045","67.8640269913241","-1.83556970255839","133.537695861123","1.47807637906648","27.7299681924752","77.9255692395497","5.48507020598631","11.8868577061268","1.59345815700226","96.8914664986223"
"LTREB","44411","WS","1","COBBLE","14.6875","0.322694360306069","0.98211327049673","0.00936515154366525","1.93109424830377","1.14864864864865","0.508594372221521","1.16907912083899","0.0790482276893189","0.104364968198814","0.0125923055995696","1.36509219862906"
"LTREB","44411","WS","3","COBBLE","16.6875","0.42149027858818","0.740677091499617","-0.0327780304028278","2.66376127073652","1.10557184750733","0.748042941028342","1.56631311910514","0.156336800693524","0.133529879876345","0.0234640773593001","1.87965386185256"
"LTREB","44411","GC","3","COBBLE","35.375","0.336139958652155","0.847072695803429","-0.10769924275215","3.97769203231275","1.29801324503311","0.0741928116737035","2.26613849007123","0.124538106752838","0.331461966075584","0.00574248059762995","2.72789569919948"
"LTREB","44411","BG","1","COBBLE","28.375","0.589267962298038","1.8145711854892","-0.024973737449774","2.12276768323079","1.25423728813559","0.569625696888103","1.22201164718144","0.118056469000913","0.130365154318153","0.0131823919895931","1.48362342586166"
"LTREB","44411","BG","2","COBBLE","28.375","1.02186547430255","2.22144668326641","-0.17793787932964","8.85537512797173","1.26829268292683","1.90355766289099","5.04087260338922","0.544911985618518","0.541859940020378","0.103815978572431","6.23149271857746"
"LTREB","44411","BG","5","COBBLE","26","0.619666706384841","1.54332085363772","-0.062434343624435","5.15395506619711","1.25764192139738","1.36794348390616","2.99248510501396","0.230973866628407","0.314324767631246","0.0477399414876136","3.58554308919014"
"LTREB","44411","BN","1","COBBLE","24.125","5.14557202792393","30.3683453427167","-0.505718183357924","20.3888714257136","1.42592592592593","6.01053321543999","11.2269181005254","1.21701649047762","1.09985181540179","0.576202418403985","14.1200636407947"
"LTREB","44411","BN","3","COBBLE","33","0.860518294149518","4.49082984759278","-0.0717994951681003","8.314381540466","1.21383647798742","1.78476872445948","4.81278792693342","0.352951797000167","0.624553421415041","0.124159075335462","5.91448395229619"
"LTREB","44411","BN","5","COBBLE","23.5","117.906205670527","62.2203832333625","-2.27573182511066","110.246563972027","1.27133105802048","28.0796706677199","62.086319615845","3.73698936331863","6.65293010335092","2.02708042236177","74.5037362015068"
"LTREB","44425","WS","1","COBBLE","27.625","1.80054099591067","5.86929597368284",NA,NA,NA,NA,NA,NA,NA,NA,NA
"LTREB","44425","WS","2","COBBLE","12.25",NA,NA,NA,NA,NA,NA,NA,NA,NA,NA,NA
"LTREB","44425","WS","3","COBBLE","33.625",NA,NA,NA,NA,NA,NA,NA,NA,NA,NA,NA
"LTREB","44425","WS","4","COBBLE","39",NA,NA,NA,NA,NA,NA,NA,NA,NA,NA,NA
"LTREB","44425","WS","5","COBBLE","26",NA,NA,NA,NA,NA,NA,NA,NA,NA,NA,NA
"LTREB","44425","DL","1","COBBLE","9.375",NA,NA,NA,NA,NA,NA,NA,NA,NA,NA,NA
"LTREB","44425","DL","2","COBBLE","20.625",NA,NA,NA,NA,NA,NA,NA,NA,NA,NA,NA
"LTREB","44425","DL","3","COBBLE","21",NA,NA,NA,NA,NA,NA,NA,NA,NA,NA,NA
"LTREB","44425","DL","4","COBBLE","36.125",NA,NA,NA,NA,NA,NA,NA,NA,NA,NA,NA
"LTREB","44425","DL","5","COBBLE","37.625",NA,NA,NA,NA,NA,NA,NA,NA,NA,NA,NA
"LTREB","44425","GR","1","COBBLE","25.75",NA,NA,NA,NA,NA,NA,NA,NA,NA,NA,NA
"LTREB","44425","GR","2","COBBLE","36.7",NA,NA,NA,NA,NA,NA,NA,NA,NA,NA,NA
"LTREB","44425","GR","3","COBBLE","11.5",NA,NA,NA,NA,NA,NA,NA,NA,NA,NA,NA
"LTREB","44425","GR","4","COBBLE","25.25",NA,NA,NA,NA,NA,NA,NA,NA,NA,NA,NA
"LTREB","44425","GR","5","COBBLE","17.125",NA,NA,NA,NA,NA,NA,NA,NA,NA,NA,NA
"LTREB","44425","GC","1","COBBLE","22.86",NA,NA,NA,NA,NA,NA,NA,NA,NA,NA,NA
"LTREB","44425","GC","2","COBBLE","35.8775",NA,NA,NA,NA,NA,NA,NA,NA,NA,NA,NA
"LTREB","44425","GC","3","COBBLE","37.7825","3.22694360306069","8.28248858118909",NA,NA,"1.36416184971098","7.87374239146807","10.7980126679839","0.972291015376597","1.20681075520083","0.0479980969758584","13.0251808391768"
"LTREB","44425","GC","4","COBBLE","33.81375","5.31393430286623","15.3104443775651",NA,NA,"1.35326086956522","7.9761627753913","10.7533989917973","0.633415181448454","1.3449425664885","0.156689507967703","12.8885167494046"
"LTREB","44425","GC","5","COBBLE","46.355",NA,NA,NA,NA,"1.55172413793103",NA,NA,NA,NA,NA,NA
"LTREB","44425","GC","6","COBBLE","45.72","3.73904552267683","6.38373625822875",NA,NA,"1.4047619047619","9.16522134217127","4.94887662693919","0.24019628437676","0.45109121932825","0.0909153478650486","5.73111230915286"
"LTREB","44425","GC","7","COBBLE","47.625","4.7141436983843","20.2876541305467",NA,NA,"1.27989130434783","13.9488144789693","17.2618288054335","1.47448818235789","1.94081380243619","0.251664561338246","20.9289064706673"
"LTREB","44425","BG","1","COBBLE","30.95625","25.914929334","131.568102772615",NA,NA,"1.36","43.4935876934266","9.59793840308281","0.546665467020217","0.464850404103241","0.39435998408194","11.0038794986698"
"LTREB","44425","BG","2","COBBLE","31.4325","7.72128099804811","51.6170674593924",NA,NA,"1.34903047091413","9.84311333530699","12.5263624458335","0.870925234036685","1.55709510917468","0.34459499518151","15.2990607727977"
"LTREB","44425","BG","3","COBBLE","37.94125","23.1030455059707","165.612357784906",NA,NA,"1.32902033271719","27.5169431473746","73.34958315631","5.63774013479072","7.77669669256857","2.0729912831095","88.8374952147847"
"LTREB","44425","BG","4","COBBLE","37.94125","19.2587735614549","146.339554033872",NA,NA,"1.39696312364425","20.3098685973794","34.5266667591606","3.259958369529","4.4881893659141","1.27469482197961","43.549737166862"
"LTREB","44425","BG","5","COBBLE","37.94125","29.0004018588106","183.988398585378",NA,NA,"1.57668711656442","29.6706941659246","47.9108936186338","1.03437320124261","71.0897862710069","0.994191229346351","121.029573994609"
"LTREB","44425","BG","6","COBBLE","41.43375","2.68911966921723","13.7378939623055",NA,NA,"1.48019801980198","4.55981161302053","6.4596816744173","0.597906466939782","0.576804769518065","0.272414837586495","7.90685071591723"
"LTREB","44425","BG","7","COBBLE","24.765","12.6797838315917","92.9149304837799",NA,NA,"2.26","10.0122940379747","3.23436083815874","0.195028228632611","0.797445284603641","0.203919861278","4.43077683635369"
"DRONE","44448","GC","1","COBBLE","18.75","1.81866332411626","3.35204612680254","10.0925116468899","6.10311317514757","1.27405247813411","7.92010047620044","13.5396399884818","1.10854411997466","1.37694887215947","0.51558677317914","16.54080997376"
"DRONE","44448","GC","2","COBBLE","30","1.75845042717509","3.32983165996987","5.09464243975389","1.89800404618282","1.24832214765101","1.76705561011659","6.20817967620897","0.37517662278947","0.744141051771957","0.104214377497338","7.43175250935211"
"DRONE","44448","GC","3","COBBLE","34.5","17.7072684305631","90.6642542388915","26.1755985645444","13.1689639289839","1.125","36.1593060912528","34.3468531720943","4.38052514017678","2.58595276229018","1.40327290428384","42.7168266496456"
"DRONE","44448","GC","4","COBBLE","41.75","7.99720805975907","48.1516106334968","7.75434547815482","6.5630982018006","1.44308943089431","7.84147295543746","11.2636912624862","1.62555375898399","0.916745214231425","0.577208172543921","14.3832716458351"
"DRONE","44448","GC","5","COBBLE","47.75","2.93230962191166","9.46336287071493","9.60864548380054","3.09611910033572","1.3921568627451","5.43476931061128","11.8808268992874","1.56142421770373","1.14058913727704","0.241000529918875","14.8239154247956"
"DRONE","44448","GC","6","COBBLE","20.5","4.05472478819364","24.4873575443851","4.7231580951885","3.44949748525003","1.37953795379538","4.19306245743789","6.6370989051035","0.631514043993266","0.66939193138964","0.307369207613095","8.24541841180675"
"DRONE","44448","GC","7","COBBLE","31.25","1.20659630375312","2.80603791570494","2.8844666754489","1.12756424585729","1.22222222222222","1.57138123279477","3.5031660470296","0.180611472255724","0.411979259840196","0.0587968766743066","4.15457680561263"
"DRONE","44448","GC","8","COBBLE","34.875","32.1431643244001","151.96799841979","28.788475845227","26.3441712923303","1.46907216494845","37.4122020206151","44.6942175889105","6.04108598762472","3.10944834164291","2.57941366506602","56.42446056798"
"DRONE","44448","GC","9","COBBLE","37.75","1.79937181344579","4.23010215792521","2.19144546121767","1.52558318646307","1.45977011494253","1.90828116004909","2.98129613405151","0.296706625979981","0.245773986243703","0.0722943399545348","3.59609034266492"
"DRONE","44448","GC","10","COBBLE","45","4.60891727654537","12.4377630613622","8.42863638929872","4.31546183132094","1.38216560509554","4.54893821609717","10.8792071756159","1.11761129952124","-0.103337607566927","0.268523728192436","12.1620746765596"
"DRONE","44448","GC","11","COBBLE","22",NA,NA,NA,NA,NA,NA,NA,NA,NA,NA,NA
"DRONE","44448","GC","12","COBBLE","31.375","1.12943026107124","4.81235502543398","1.25493030685114","0.580639395707246","1.26470588235294","1.34830121849622","1.65217990201138","0.102952899768683","0.177719359126954","0.047325723523957","1.98018889812979"
"DRONE","44448","GC","13","COBBLE","35.75","3.32515493011036","8.86707981362762","4.8090053176721","2.61412596755509","1.38211382113821","3.11132899502132","6.28820141198584","0.540280409585804","0.556174650151731","0.163931985362735","7.54862955969566"
"DRONE","44448","GC","14","COBBLE","35.75","3.97929848901948","19.5487308127444","5.76893335089779","4.03825334562845","1.76056338028169","5.7925976039869","7.97933458034931","1.19886552899346","0.73557089753711","0.325572279559714","10.2393942160278"
"DRONE","44448","GC","15","COBBLE","42.75","4.70712860359505","15.2017104083315","6.28401668579938","3.66739334449931","1.44444444444444","4.87689389749519","8.72520225740176","1.16345943362973","0.745765432045885","0.268872729158202","10.9033554117863"
"DRONE","44448","GC","16","COBBLE","23.875","0.748276777521319","1.71168312858001","2.17271515813034","0.764196365963084","1.204","1.43295002895332","2.68978825451795","0.174436037545437","0.26563750774329","0.0629352213923883","3.19281479277253"
"DRONE","44448","GC","17","COBBLE","31.75","1.64854727547665","3.81913452152092","3.15449521162458","1.10774134175654","1.26612903225806","3.05256003842427","3.75462082195817","0.218601215338514","0.37882709689452","0.0666801654406004","4.41875402784093"
"DRONE","44448","GC","18","COBBLE","33.75","2.16883347234694","3.43739644673855","8.63154800607814","7.04727653660809","1.48387096774194","7.26354606304873","12.5185722766046","1.74932215199882","0.994778030333647","0.571835451746721","15.8345889350286"
"DRONE","44448","GC","19","COBBLE","44.375","5.78745320114144","21.5129573537379","4.68257577183262","3.83971213290275","1.52830188679245","6.07390290503632","7.26724009504651","0.854596969556146","0.55284851310835","0.287582057112113","8.96231498671295"
"DRONE","44448","GC","20","COBBLE","36.25","1.15047554543902","0.897932133025584","2.17271515813034","0.659306668674032","1.34146341463415","1.64602184135252","2.56816334709964","-0.170433130924087","0.44361831945304","0.00174086592290335","2.84310736019415"
"DRONE","44448","GC","12.1",NA,NA,"0.683971741953079","2.8644970389488","1.51403283289255","0.638391163559848","1.24742268041237","0.712616712342568","1.89809290405015","0.122268074692244","0.199059160557644","0.0470105470069","2.26644325501844"
"LTREB","44482","GR","2","COBBLE","33.5","2.34538002454338","9.32189179246479","16.5575879292001","7.14311325407161","1.26898734177215","6.55712601777001","20.9811199497939","1.15150308144828","2.45636022712847","0.263734207300542","24.8528550082963"
"LTREB","44482","GR","4","COBBLE","34.5","21.7047032779777","-14.1517845548719","14.2756126697271","4.33575299299889","1.24609375","5.78195804355652","17.0360903741973","0.682519102891418","2.06802671221896","0.157316166385228","19.9440646556687"
"LTREB","44482","GC","3","COBBLE","45","2.70081149386601","11.0283135999529","3.71484344565388","1.71538359108135","1.27053140096618","3.24506593126628","4.51127735819584","0.268647059404745","0.515296418405812","0.032182828839521","5.3274329236371"
"LTREB","44482","BN","1","COBBLE","29.75","1.52578311666456","11.2060293346142","1.72006616685318","1.60690391903389","1.36231884057971","2.67351108331113","2.42330723423946","0.174022176182432","0.252407418955043","0.0754742181174718","2.92522715298286"
"LTREB","44482","BN","2","COBBLE","35.25","1.12241516628198","2.56284796301051","3.04679596887243","0.799159598392767","1.26190476190476","1.9286833940612","3.34146848627549","0.15424191801208","0.443777889475846","0.0459258613587597","3.98543622928711"
"LTREB","44482","BN","5","COBBLE","40","0.473518898275209","0.63135853103361","0.927150002822859","0.685529092996295","1.26315789473684","0.746265783681729","1.22564937135171","0.058587546245795","0.126013901473217","0.0187806013169695","1.42903952282217"
"NFAS","44032","BN","5","COBBLE","27.25","0.0694828436269793","0.237845118569276","0.0110994388665662","0.0588270259928009","1.70833333333333","0.0677377552851173","0.0373865683446185","-4.17787867449386e-05","-0.0330684085598052","-0.0067088833035278","-0.00243231523626512"
"NFAS","44032","BN","3","COBBLE","12","0.681867213516301","3.81340552744302","-0.0187303030873306","0.39895545576014","1.61111111111111","0","0.235358745161033","-0.010817626919782","-0.183695378076031","-0.0382041360713749","0.00264286681090669"
"NFAS","44032","BN","2","COBBLE","19.75","0.343739644673856","1.71869822336928","-0.0262224243222627","0.15471230350135","1.75","0.290705528067032","0.0707230569330671","-0.00444455360563295","-0.0612996801026509","-0.0105275667804356","-0.00554835071034423"
"NFAS","44039","BN","3","COBBLE","26.035",NA,NA,"1.11445303369616","0.557226516848083","1.56338028169014","4.52380079310232","1.45085466707578","0.149499094267833","0.0245084262124022","0.0573628276138363","1.68223455569877"
"DRONE","44740","GR","1","COBBLE","22.125",NA,NA,NA,NA,NA,NA,NA,NA,NA,NA,NA
"DRONE","44740","GR","2","COBBLE","42",NA,NA,NA,NA,NA,NA,NA,NA,NA,NA,NA
"DRONE","44740","GR","3","COBBLE","55",NA,NA,NA,NA,NA,NA,NA,NA,NA,NA,NA
"DRONE","44740","GR","4","COBBLE","28.5",NA,NA,NA,NA,NA,NA,NA,NA,NA,NA,NA
"DRONE","44740","GR","5","COBBLE","20.25",NA,NA,NA,NA,NA,NA,NA,NA,NA,NA,NA
"DRONE","44740","GR","6","COBBLE","27.5",NA,NA,NA,NA,NA,NA,NA,NA,NA,NA,NA
"DRONE","44740","GR","7","COBBLE","18.5",NA,NA,NA,NA,NA,NA,NA,NA,NA,NA,NA
"DRONE","44740","GR","8","COBBLE","23.5",NA,NA,NA,NA,NA,NA,NA,NA,NA,NA,NA
"DRONE","44740","GR","9","COBBLE","14.25",NA,NA,NA,NA,NA,NA,NA,NA,NA,NA,NA
"DRONE","44740","GR","10","COBBLE","22.5",NA,NA,NA,NA,NA,NA,NA,NA,NA,NA,NA
"DRONE","44740","GR","11","COBBLE","23.25",NA,NA,NA,NA,NA,NA,NA,NA,NA,NA,NA
"DRONE","44740","GR","12","COBBLE","21.75",NA,NA,NA,NA,NA,NA,NA,NA,NA,NA,NA
"DRONE","44740","GR","13","COBBLE","34.75",NA,NA,NA,NA,NA,NA,NA,NA,NA,NA,NA
"DRONE","44740","GR","14","COBBLE","20",NA,NA,NA,NA,NA,NA,NA,NA,NA,NA,NA
"DRONE","44740","GR","15","COBBLE","26.25",NA,NA,NA,NA,NA,NA,NA,NA,NA,NA,NA
"DRONE","44740","GR","16","COBBLE","42",NA,NA,NA,NA,NA,NA,NA,NA,NA,NA,NA
"DRONE","44740","GR","17","COBBLE","37.5",NA,NA,NA,NA,NA,NA,NA,NA,NA,NA,NA
"DRONE","44740","GR","18","COBBLE","17.5",NA,NA,NA,NA,NA,NA,NA,NA,NA,NA,NA
"DRONE","44740","GR","19","COBBLE","49",NA,NA,NA,NA,NA,NA,NA,NA,NA,NA,NA
"DRONE","44740","GR","20","COBBLE","33.25",NA,NA,NA,NA,NA,NA,NA,NA,NA,NA,NA
"DRONE","44740","GR","21","COBBLE","45",NA,NA,NA,NA,NA,NA,NA,NA,NA,NA,NA
"DRONE","44741","DL","1","COBBLE","32",NA,NA,NA,NA,NA,NA,NA,NA,NA,NA,NA
"DRONE","44741","DL","2","COBBLE","22.25",NA,NA,NA,NA,NA,NA,NA,NA,NA,NA,NA
"DRONE","44741","DL","3","COBBLE","26.25",NA,NA,NA,NA,NA,NA,NA,NA,NA,NA,NA
"DRONE","44741","DL","4","COBBLE","18.25",NA,NA,NA,NA,NA,NA,NA,NA,NA,NA,NA
"DRONE","44741","DL","5","COBBLE","42",NA,NA,NA,NA,NA,NA,NA,NA,NA,NA,NA
"DRONE","44741","DL","6","COBBLE","21.5",NA,NA,NA,NA,NA,NA,NA,NA,NA,NA,NA
"DRONE","44741","DL","7","COBBLE","29",NA,NA,NA,NA,NA,NA,NA,NA,NA,NA,NA
"DRONE","44741","DL","8","COBBLE","17.75",NA,NA,NA,NA,NA,NA,NA,NA,NA,NA,NA
"DRONE","44741","DL","9","COBBLE","33",NA,NA,NA,NA,NA,NA,NA,NA,NA,NA,NA
"DRONE","44741","DL","10","COBBLE","25.5",NA,NA,NA,NA,NA,NA,NA,NA,NA,NA,NA
"DRONE","44741","DL","11","COBBLE","27",NA,NA,NA,NA,NA,NA,NA,NA,NA,NA,NA
"DRONE","44741","DL","12","COBBLE","34.25",NA,NA,NA,NA,NA,NA,NA,NA,NA,NA,NA
"DRONE","44741","DL","13","COBBLE","36.25",NA,NA,NA,NA,NA,NA,NA,NA,NA,NA,NA
"DRONE","44741","DL","14","COBBLE","32.25",NA,NA,NA,NA,NA,NA,NA,NA,NA,NA,NA
"DRONE","44741","DL","15","COBBLE","17.25",NA,NA,NA,NA,NA,NA,NA,NA,NA,NA,NA
"DRONE","44741","DL","16","COBBLE","31.25",NA,NA,NA,NA,NA,NA,NA,NA,NA,NA,NA
"DRONE","44741","DL","17","COBBLE","23.75",NA,NA,NA,NA,NA,NA,NA,NA,NA,NA,NA
"DRONE","44741","DL","18","COBBLE","32.25",NA,NA,NA,NA,NA,NA,NA,NA,NA,NA,NA
"DRONE","44741","DL","19","COBBLE","30.75",NA,NA,NA,NA,NA,NA,NA,NA,NA,NA,NA
"DRONE","44741","DL","20","COBBLE","9.5",NA,NA,NA,NA,NA,NA,NA,NA,NA,NA,NA
"DRONE","44741","DL","21","COBBLE","20.25",NA,NA,NA,NA,NA,NA,NA,NA,NA,NA,NA
"LTREB","44397","WS","1","COBBLE","30.5",NA,NA,NA,NA,NA,NA,NA,NA,NA,NA,NA
"LTREB","44397","WS","2","COBBLE","16.5",NA,NA,NA,NA,NA,NA,NA,NA,NA,NA,NA
"LTREB","44397","WS","4","COBBLE","25.875",NA,NA,NA,NA,NA,NA,NA,NA,NA,NA,NA
"LTREB","44397","WS","5","COBBLE","33.125",NA,NA,NA,NA,NA,NA,NA,NA,NA,NA,NA
"LTREB","44397","DL","1","COBBLE","34.25",NA,NA,NA,NA,NA,NA,NA,NA,NA,NA,NA
"LTREB","44397","DL","2","COBBLE","20.375",NA,NA,NA,NA,NA,NA,NA,NA,NA,NA,NA
"LTREB","44397","DL","3","COBBLE","6.375",NA,NA,NA,NA,NA,NA,NA,NA,NA,NA,NA
"LTREB","44397","DL","4","COBBLE","26.25",NA,NA,NA,NA,NA,NA,NA,NA,NA,NA,NA
"LTREB","44397","DL","5","COBBLE","35.125",NA,NA,NA,NA,NA,NA,NA,NA,NA,NA,NA
"LTREB","44397","GR","1","COBBLE","37.5",NA,NA,NA,NA,NA,NA,NA,NA,NA,NA,NA
"LTREB","44397","GR","2","COBBLE","32.75",NA,NA,NA,NA,NA,NA,NA,NA,NA,NA,NA
"LTREB","44397","GR","3","COBBLE","34.75",NA,NA,NA,NA,NA,NA,NA,NA,NA,NA,NA
"LTREB","44397","GR","4","COBBLE","36",NA,NA,NA,NA,NA,NA,NA,NA,NA,NA,NA
"LTREB","44397","GR","5","COBBLE","33",NA,NA,NA,NA,NA,NA,NA,NA,NA,NA,NA
"LTREB","44397","GC","1","COBBLE","26.25",NA,NA,NA,NA,NA,NA,NA,NA,NA,NA,NA
"LTREB","44397","GC","2","COBBLE","33.5",NA,NA,NA,NA,NA,NA,NA,NA,NA,NA,NA
"LTREB","44411","WS","2","COBBLE","8.6875",NA,NA,NA,NA,NA,NA,NA,NA,NA,NA,NA
"LTREB","44411","WS","4","COBBLE","11",NA,NA,NA,NA,NA,NA,NA,NA,NA,NA,NA
"LTREB","44411","WS","5","COBBLE","16.125",NA,NA,NA,NA,NA,NA,NA,NA,NA,NA,NA
"LTREB","44411","DL","1","COBBLE","3.4375",NA,NA,NA,NA,NA,NA,NA,NA,NA,NA,NA
"LTREB","44411","DL","2","COBBLE","5.75",NA,NA,NA,NA,NA,NA,NA,NA,NA,NA,NA
"LTREB","44411","DL","3","COBBLE","3.6875",NA,NA,NA,NA,NA,NA,NA,NA,NA,NA,NA
"LTREB","44411","DL","4","COBBLE","3.4375",NA,NA,NA,NA,NA,NA,NA,NA,NA,NA,NA
"LTREB","44411","DL","5","COBBLE","8.625",NA,NA,NA,NA,NA,NA,NA,NA,NA,NA,NA
"LTREB","44411","GR","1","COBBLE","15.9375",NA,NA,NA,NA,NA,NA,NA,NA,NA,NA,NA
"LTREB","44411","GR","2","COBBLE","15.25",NA,NA,NA,NA,NA,NA,NA,NA,NA,NA,NA
"LTREB","44411","GR","3","SAND","9.6875",NA,NA,NA,NA,NA,NA,NA,NA,NA,NA,NA
"LTREB","44411","GR","4","COBBLE","15.5625",NA,NA,NA,NA,NA,NA,NA,NA,NA,NA,NA
"LTREB","44411","GR","5","COBBLE","8.625",NA,NA,NA,NA,NA,NA,NA,NA,NA,NA,NA
"LTREB","44411","GC","1","COBBLE","24.875",NA,NA,NA,NA,NA,NA,NA,NA,NA,NA,NA
"LTREB","44411","GC","2","COBBLE","21.375",NA,NA,NA,NA,NA,NA,NA,NA,NA,NA,NA
"LTREB","44411","GC","4","COBBLE","36.375",NA,NA,NA,NA,NA,NA,NA,NA,NA,NA,NA
"LTREB","44411","GC","5","COBBLE","27.625",NA,NA,NA,NA,NA,NA,NA,NA,NA,NA,NA
"LTREB","44411","BG","3","COBBLE","18.5",NA,NA,NA,NA,NA,NA,NA,NA,NA,NA,NA
"LTREB","44411","BG","4","COBBLE","19",NA,NA,NA,NA,NA,NA,NA,NA,NA,NA,NA
"LTREB","44411","BN","2","COBBLE","26.5",NA,NA,NA,NA,NA,NA,NA,NA,NA,NA,NA
"LTREB","44411","BN","4","COBBLE","33.5",NA,NA,NA,NA,NA,NA,NA,NA,NA,NA,NA
"LTREB","44033","WS","1","COBBLE","33.5",NA,NA,NA,NA,NA,NA,NA,NA,NA,NA,NA
"LTREB","44033","WS","2","COBBLE","23.5",NA,NA,NA,NA,NA,NA,NA,NA,NA,NA,NA
"LTREB","44033","WS","3","PEBBLE","18",NA,NA,NA,NA,NA,NA,NA,NA,NA,NA,NA
"LTREB","44033","WS","4","PEBBLE","31",NA,NA,NA,NA,NA,NA,NA,NA,NA,NA,NA
"LTREB","44033","WS","5","SAND","17.75",NA,NA,NA,NA,NA,NA,NA,NA,NA,NA,NA
"LTREB","44033","CR","4","COBBLE","37.25",NA,NA,NA,NA,NA,NA,NA,NA,NA,NA,NA
"LTREB","44033","BG","1","COBBLE","32.25",NA,NA,NA,NA,NA,NA,NA,NA,NA,NA,NA
"LTREB","44033","BG","2","COBBLE","22.75",NA,NA,NA,NA,NA,NA,NA,NA,NA,NA,NA
"LTREB","44033","BG","3","COBBLE","10",NA,NA,NA,NA,NA,NA,NA,NA,NA,NA,NA
"LTREB","44033","BG","4","COBBLE","28.25",NA,NA,NA,NA,NA,NA,NA,NA,NA,NA,NA
"LTREB","44047","BG","2","COBBLE","55.75",NA,NA,NA,NA,NA,NA,NA,NA,NA,NA,NA
"LTREB","44047","BG","3","SAND","32.25",NA,NA,NA,NA,NA,NA,NA,NA,NA,NA,NA
"LTREB","44047","BG","5","COBBLE","15.25",NA,NA,NA,NA,NA,NA,NA,NA,NA,NA,NA
"LTREB","44047","CR","1","COBBLE","16.25",NA,NA,NA,NA,NA,NA,NA,NA,NA,NA,NA
"LTREB","44047","CR","2","COBBLE","29.75",NA,NA,NA,NA,NA,NA,NA,NA,NA,NA,NA
"LTREB","44047","CR","3","COBBLE","29",NA,NA,NA,NA,NA,NA,NA,NA,NA,NA,NA
"LTREB","44047","WS","2","PEBBLE","27.375",NA,NA,NA,NA,NA,NA,NA,NA,NA,NA,NA
"LTREB","44047","WS","4","PEBBLE","38.875",NA,NA,NA,NA,NA,NA,NA,NA,NA,NA,NA
"LTREB","44047","WS","5","SAND","7.375",NA,NA,NA,NA,NA,NA,NA,NA,NA,NA,NA
"LTREB","44061","BG","1","COBBLE","21.5",NA,NA,NA,NA,NA,NA,NA,NA,NA,NA,NA
"LTREB","44061","BG","2","COBBLE","28.5",NA,NA,NA,NA,NA,NA,NA,NA,NA,NA,NA
"LTREB","44061","BG","3","COBBLE","28.5",NA,NA,NA,NA,NA,NA,NA,NA,NA,NA,NA
"LTREB","44061","BG","4","COBBLE","32.25",NA,NA,NA,NA,NA,NA,NA,NA,NA,NA,NA
"LTREB","44061","BG","5","COBBLE","27",NA,NA,NA,NA,NA,NA,NA,NA,NA,NA,NA
"LTREB","44061","BN","1","COBBLE","10.75",NA,NA,NA,NA,NA,NA,NA,NA,NA,NA,NA
"LTREB","44061","BN","2","COBBLE","34",NA,NA,NA,NA,NA,NA,NA,NA,NA,NA,NA
"LTREB","44061","BN","3","COBBLE","40",NA,NA,NA,NA,NA,NA,NA,NA,NA,NA,NA
"LTREB","44061","BN","4","COBBLE","20",NA,NA,NA,NA,NA,NA,NA,NA,NA,NA,NA
"LTREB","44061","BN","5","COBBLE","33.75",NA,NA,NA,NA,NA,NA,NA,NA,NA,NA,NA
"LTREB","44061","CR","1","COBBLE","11",NA,NA,NA,NA,NA,NA,NA,NA,NA,NA,NA
"LTREB","44061","WS","1","PEBBLE","36",NA,NA,NA,NA,NA,NA,NA,NA,NA,NA,NA
"LTREB","44061","WS","4","COBBLE","30.25",NA,NA,NA,NA,NA,NA,NA,NA,NA,NA,NA
"LTREB","44061","WS","5","PEBBLE","28.25",NA,NA,NA,NA,NA,NA,NA,NA,NA,NA,NA
"LTREB","44075","WS","2","COBBLE","27",NA,NA,NA,NA,NA,NA,NA,NA,NA,NA,NA
"LTREB","44075","WS","3","COBBLE","24.25",NA,NA,NA,NA,NA,NA,NA,NA,NA,NA,NA
"LTREB","44075","WS","4","COBBLE","27.25",NA,NA,NA,NA,NA,NA,NA,NA,NA,NA,NA
"LTREB","44075","WS","5","COBBLE","30.5",NA,NA,NA,NA,NA,NA,NA,NA,NA,NA,NA
"LTREB","44075","GC","2","COBBLE","22",NA,NA,NA,NA,NA,NA,NA,NA,NA,NA,NA
"LTREB","44075","GC","5","COBBLE","35",NA,NA,NA,NA,NA,NA,NA,NA,NA,NA,NA
"LTREB","44075","BG","1","COBBLE","21",NA,NA,NA,NA,NA,NA,NA,NA,NA,NA,NA
"LTREB","44075","BG","2","COBBLE","33.75",NA,NA,NA,NA,NA,NA,NA,NA,NA,NA,NA
"LTREB","44075","BG","3","COBBLE","28.5",NA,NA,NA,NA,NA,NA,NA,NA,NA,NA,NA
"LTREB","44075","BG","4","COBBLE","34",NA,NA,NA,NA,NA,NA,NA,NA,NA,NA,NA
"LTREB","44075","BG","5","COBBLE","29.75",NA,NA,NA,NA,NA,NA,NA,NA,NA,NA,NA
"LTREB","44103","WS","2","COBBLE","32.5",NA,NA,NA,NA,NA,NA,NA,NA,NA,NA,NA
"LTREB","44103","WS","3","COBBLE","23.5",NA,NA,NA,NA,NA,NA,NA,NA,NA,NA,NA
"LTREB","44103","WS","4","COBBLE","29.5",NA,NA,NA,NA,NA,NA,NA,NA,NA,NA,NA
"LTREB","44103","WS","5","COBBLE","16.75",NA,NA,NA,NA,NA,NA,NA,NA,NA,NA,NA
"LTREB","44103","BG","1","COBBLE","17.5",NA,NA,NA,NA,NA,NA,NA,NA,NA,NA,NA
"LTREB","44103","BG","2","COBBLE","24.75",NA,NA,NA,NA,NA,NA,NA,NA,NA,NA,NA
"LTREB","44103","BG","3","COBBLE","31.5",NA,NA,NA,NA,NA,NA,NA,NA,NA,NA,NA
"LTREB","44103","BG","4","COBBLE","34.75",NA,NA,NA,NA,NA,NA,NA,NA,NA,NA,NA
"LTREB","44103","BG","5","COBBLE","12.25",NA,NA,NA,NA,NA,NA,NA,NA,NA,NA,NA
"LTREB","44124","WS","1","COBBLE","17.25",NA,NA,NA,NA,NA,NA,NA,NA,NA,NA,NA
"LTREB","44124","WS","2","COBBLE","26.75",NA,NA,NA,NA,NA,NA,NA,NA,NA,NA,NA
"LTREB","44124","WS","3","COBBLE","17",NA,NA,NA,NA,NA,NA,NA,NA,NA,NA,NA
"LTREB","44124","WS","4","COBBLE","18.25",NA,NA,NA,NA,NA,NA,NA,NA,NA,NA,NA
"LTREB","44124","WS","5","COBBLE","13.625",NA,NA,NA,NA,NA,NA,NA,NA,NA,NA,NA
"LTREB","44124","CR","1","COBBLE","27.75",NA,NA,NA,NA,NA,NA,NA,NA,NA,NA,NA
"LTREB","44124","CR","2","COBBLE","24.75",NA,NA,NA,NA,NA,NA,NA,NA,NA,NA,NA
"LTREB","44124","CR","3","COBBLE","30.5",NA,NA,NA,NA,NA,NA,NA,NA,NA,NA,NA
"LTREB","44124","CR","4","COBBLE","26.625",NA,NA,NA,NA,NA,NA,NA,NA,NA,NA,NA
"LTREB","44124","CR","5","COBBLE","28.25",NA,NA,NA,NA,NA,NA,NA,NA,NA,NA,NA
"LTREB","44124","GC","1","COBBLE","30",NA,NA,NA,NA,NA,NA,NA,NA,NA,NA,NA
"LTREB","44124","GC","2","COBBLE","25",NA,NA,NA,NA,NA,NA,NA,NA,NA,NA,NA
"LTREB","44124","GC","3","COBBLE","40",NA,NA,NA,NA,NA,NA,NA,NA,NA,NA,NA
"LTREB","44124","GC","4","COBBLE","30",NA,NA,NA,NA,NA,NA,NA,NA,NA,NA,NA
"LTREB","44124","GC","5","COBBLE","35",NA,NA,NA,NA,NA,NA,NA,NA,NA,NA,NA
"LTREB","44124","BG","1","COBBLE","30",NA,NA,NA,NA,NA,NA,NA,NA,NA,NA,NA
"LTREB","44124","BG","2","COBBLE","45",NA,NA,NA,NA,NA,NA,NA,NA,NA,NA,NA
"LTREB","44124","BG","3","COBBLE","40",NA,NA,NA,NA,NA,NA,NA,NA,NA,NA,NA
"LTREB","44124","BG","4","COBBLE","20",NA,NA,NA,NA,NA,NA,NA,NA,NA,NA,NA
"LTREB","44124","BG","5","COBBLE","40",NA,NA,NA,NA,NA,NA,NA,NA,NA,NA,NA
"LTREB","44124","BN","1","COBBLE","13",NA,NA,NA,NA,NA,NA,NA,NA,NA,NA,NA
"LTREB","44124","BN","2","COBBLE","15",NA,NA,NA,NA,NA,NA,NA,NA,NA,NA,NA
"LTREB","44124","BN","3","COBBLE","25",NA,NA,NA,NA,NA,NA,NA,NA,NA,NA,NA
"LTREB","44124","BN","4","COBBLE","30",NA,NA,NA,NA,NA,NA,NA,NA,NA,NA,NA
"LTREB","44124","BN","5","COBBLE","40",NA,NA,NA,NA,NA,NA,NA,NA,NA,NA,NA
"LTREB","44369","WS","1","COBBLE","25.25",NA,NA,NA,NA,NA,NA,NA,NA,NA,NA,NA
"LTREB","44369","WS","2","COBBLE","32.75",NA,NA,NA,NA,NA,NA,NA,NA,NA,NA,NA
"LTREB","44369","WS","3","COBBLE","29.25",NA,NA,NA,NA,NA,NA,NA,NA,NA,NA,NA
"LTREB","44369","WS","4","COBBLE","32.625",NA,NA,NA,NA,NA,NA,NA,NA,NA,NA,NA
"LTREB","44369","WS","5","COBBLE","14.5",NA,NA,NA,NA,NA,NA,NA,NA,NA,NA,NA
"LTREB","44369","DL","1","COBBLE","14.625",NA,NA,NA,NA,NA,NA,NA,NA,NA,NA,NA
"LTREB","44369","DL","2","COBBLE","17",NA,NA,NA,NA,NA,NA,NA,NA,NA,NA,NA
"LTREB","44369","DL","3","COBBLE","24.375",NA,NA,NA,NA,NA,NA,NA,NA,NA,NA,NA
"LTREB","44369","DL","4","COBBLE","16.75",NA,NA,NA,NA,NA,NA,NA,NA,NA,NA,NA
"LTREB","44369","DL","5","COBBLE","17",NA,NA,NA,NA,NA,NA,NA,NA,NA,NA,NA
"LTREB","44369","GR","1","COBBLE","22.25",NA,NA,NA,NA,NA,NA,NA,NA,NA,NA,NA
"LTREB","44369","GR","2","COBBLE","33",NA,NA,NA,NA,NA,NA,NA,NA,NA,NA,NA
"LTREB","44369","GR","3","COBBLE","31.5",NA,NA,NA,NA,NA,NA,NA,NA,NA,NA,NA
"LTREB","44369","GR","4","COBBLE","18.25",NA,NA,NA,NA,NA,NA,NA,NA,NA,NA,NA
"LTREB","44369","GR","5","COBBLE","36.25",NA,NA,NA,NA,NA,NA,NA,NA,NA,NA,NA
"LTREB","44369","GC","1","COBBLE","13.875",NA,NA,NA,NA,NA,NA,NA,NA,NA,NA,NA
"LTREB","44369","GC","2","COBBLE","9.8125",NA,NA,NA,NA,NA,NA,NA,NA,NA,NA,NA
"LTREB","44369","GC","3","COBBLE","14.8125",NA,NA,NA,NA,NA,NA,NA,NA,NA,NA,NA
"LTREB","44369","GC","4","COBBLE","9",NA,NA,NA,NA,NA,NA,NA,NA,NA,NA,NA
"LTREB","44369","GC","5","COBBLE","14.25",NA,NA,NA,NA,NA,NA,NA,NA,NA,NA,NA
"LTREB","44369","BG","1","COBBLE","14.25",NA,NA,NA,NA,NA,NA,NA,NA,NA,NA,NA
"LTREB","44369","BG","2","COBBLE","11.1875",NA,NA,NA,NA,NA,NA,NA,NA,NA,NA,NA
"LTREB","44369","BG","3","COBBLE","15.25",NA,NA,NA,NA,NA,NA,NA,NA,NA,NA,NA
"LTREB","44461","DL","1","COBBLE","16",NA,NA,NA,NA,NA,NA,NA,NA,NA,NA,NA
"LTREB","44461","DL","2","COBBLE","13.875",NA,NA,NA,NA,NA,NA,NA,NA,NA,NA,NA
"LTREB","44461","DL","3","COBBLE","24.25",NA,NA,NA,NA,NA,NA,NA,NA,NA,NA,NA
"LTREB","44461","DL","4","COBBLE","27.375",NA,NA,NA,NA,NA,NA,NA,NA,NA,NA,NA
"LTREB","44461","DL","5","COBBLE","22",NA,NA,NA,NA,NA,NA,NA,NA,NA,NA,NA
"LTREB","44461","GR","1","COBBLE","29.5",NA,NA,NA,NA,NA,NA,NA,NA,NA,NA,NA
"LTREB","44461","GR","2","COBBLE","31.5",NA,NA,NA,NA,NA,NA,NA,NA,NA,NA,NA
"LTREB","44461","GR","3","COBBLE","35.375",NA,NA,NA,NA,NA,NA,NA,NA,NA,NA,NA
"LTREB","44461","GR","4","COBBLE","21.25",NA,NA,NA,NA,NA,NA,NA,NA,NA,NA,NA
"LTREB","44461","GR","5","COBBLE","11.75",NA,NA,NA,NA,NA,NA,NA,NA,NA,NA,NA
"LTREB","44461","BG","1","COBBLE","8.75",NA,NA,NA,NA,NA,NA,NA,NA,NA,NA,NA
"LTREB","44461","BG","2","COBBLE","12.5",NA,NA,NA,NA,NA,NA,NA,NA,NA,NA,NA
"LTREB","44461","BG","3","COBBLE","26.5",NA,NA,NA,NA,NA,NA,NA,NA,NA,NA,NA
"LTREB","44461","BG","4","COBBLE","29.25",NA,NA,NA,NA,NA,NA,NA,NA,NA,NA,NA
"LTREB","44461","BG","5","COBBLE","29",NA,NA,NA,NA,NA,NA,NA,NA,NA,NA,NA
"LTREB","44461","BN","1","COBBLE","33.25",NA,NA,NA,NA,NA,NA,NA,NA,NA,NA,NA
"LTREB","44461","BN","2","COBBLE","34.5",NA,NA,NA,NA,NA,NA,NA,NA,NA,NA,NA
"LTREB","44461","BN","3","COBBLE","34",NA,NA,NA,NA,NA,NA,NA,NA,NA,NA,NA
"LTREB","44461","BN","4","COBBLE","29.25",NA,NA,NA,NA,NA,NA,NA,NA,NA,NA,NA
"LTREB","44461","BN","5","COBBLE","30.25",NA,NA,NA,NA,NA,NA,NA,NA,NA,NA,NA
"LTREB","44482","DL","1","COBBLE","18.5",NA,NA,NA,NA,NA,NA,NA,NA,NA,NA,NA
"LTREB","44482","DL","2","COBBLE","16",NA,NA,NA,NA,NA,NA,NA,NA,NA,NA,NA
"LTREB","44482","DL","3","COBBLE","12.5",NA,NA,NA,NA,NA,NA,NA,NA,NA,NA,NA
"LTREB","44482","DL","4","COBBLE","21",NA,NA,NA,NA,NA,NA,NA,NA,NA,NA,NA
"LTREB","44482","DL","5","COBBLE","17.75",NA,NA,NA,NA,NA,NA,NA,NA,NA,NA,NA
"LTREB","44482","GR","1","COBBLE","30.25",NA,NA,NA,NA,NA,NA,NA,NA,NA,NA,NA
"LTREB","44482","GR","3","COBBLE","36.5",NA,NA,NA,NA,NA,NA,NA,NA,NA,NA,NA
"LTREB","44482","GR","5","COBBLE","27.25",NA,NA,NA,NA,NA,NA,NA,NA,NA,NA,NA
"LTREB","44482","GC","1","COBBLE","18.75",NA,NA,NA,NA,NA,NA,NA,NA,NA,NA,NA
"LTREB","44482","GC","2","COBBLE","32.25",NA,NA,NA,NA,NA,NA,NA,NA,NA,NA,NA
"LTREB","44482","GC","4","COBBLE","37",NA,NA,NA,NA,NA,NA,NA,NA,NA,NA,NA
"LTREB","44482","GC","5","COBBLE","58",NA,NA,NA,NA,NA,NA,NA,NA,NA,NA,NA
"LTREB","44482","BN","3","COBBLE","38.5",NA,NA,NA,NA,NA,NA,NA,NA,NA,NA,NA
"LTREB","44482","BN","4","COBBLE","36",NA,NA,NA,NA,NA,NA,NA,NA,NA,NA,NA
"NFAS","44025","BN","1","COBBLE","33.3375",NA,NA,NA,NA,NA,NA,NA,NA,NA,NA,NA
"NFAS","44025","BN","2","COBBLE","34.925",NA,NA,NA,NA,NA,NA,NA,NA,NA,NA,NA
"NFAS","44025","BN","3","COBBLE","30.1625",NA,NA,NA,NA,NA,NA,NA,NA,NA,NA,NA
"NFAS","44025","BN","4","COBBLE","20.6375",NA,NA,NA,NA,NA,NA,NA,NA,NA,NA,NA
"NFAS","44025","BN","5","COBBLE","32.7025",NA,NA,NA,NA,NA,NA,NA,NA,NA,NA,NA
"NFAS","44032","BN","1","COBBLE","26.75",NA,NA,NA,NA,NA,NA,NA,NA,NA,NA,NA
"NFAS","44032","BN","4","COBBLE","24.5",NA,NA,NA,NA,NA,NA,NA,NA,NA,NA,NA
"NFAS","44039","BN","1","COBBLE","35.72",NA,NA,NA,NA,NA,NA,NA,NA,NA,NA,NA
"NFAS","44039","BN","2","COBBLE","32.0675",NA,NA,NA,NA,NA,NA,NA,NA,NA,NA,NA
"NFAS","44039","BN","4","COBBLE","25.0825",NA,NA,NA,NA,NA,NA,NA,NA,NA,NA,NA
"NFAS","44039","BN","5","COBBLE","21.9075",NA,NA,NA,NA,NA,NA,NA,NA,NA,NA,NA
"NFAS","44046","BN","1","COBBLE","29.75",NA,NA,NA,NA,NA,NA,NA,NA,NA,NA,NA
"NFAS","44046","BN","2","COBBLE","34.75",NA,NA,NA,NA,NA,NA,NA,NA,NA,NA,NA
"NFAS","44046","BN","3","COBBLE","30.75",NA,NA,NA,NA,NA,NA,NA,NA,NA,NA,NA
"NFAS","44046","BN","4","COBBLE","33.25",NA,NA,NA,NA,NA,NA,NA,NA,NA,NA,NA
"NFAS","44046","BN","5","COBBLE","24",NA,NA,NA,NA,NA,NA,NA,NA,NA,NA,NA
"NFAS","44053","BN","1","COBBLE","22.75",NA,NA,NA,NA,NA,NA,NA,NA,NA,NA,NA
"NFAS","44053","BN","2","COBBLE","26.5",NA,NA,NA,NA,NA,NA,NA,NA,NA,NA,NA
"NFAS","44053","BN","3","COBBLE","26.375",NA,NA,NA,NA,NA,NA,NA,NA,NA,NA,NA
"NFAS","44053","BN","4","COBBLE","20.5",NA,NA,NA,NA,NA,NA,NA,NA,NA,NA,NA
"NFAS","44053","BN","5","COBBLE","22.25",NA,NA,NA,NA,NA,NA,NA,NA,NA,NA,NA
"NFAS","44067","BN","1","COBBLE","18",NA,NA,NA,NA,NA,NA,NA,NA,NA,NA,NA
"NFAS","44067","BN","2","COBBLE","23",NA,NA,NA,NA,NA,NA,NA,NA,NA,NA,NA
"NFAS","44067","BN","3","COBBLE","21",NA,NA,NA,NA,NA,NA,NA,NA,NA,NA,NA
"NFAS","44067","BN","4","COBBLE","19.75",NA,NA,NA,NA,NA,NA,NA,NA,NA,NA,NA
"NFAS","44067","BN","5","COBBLE","24.75",NA,NA,NA,NA,NA,NA,NA,NA,NA,NA,NA
"NFAS","44076","BN","1","COBBLE","20.625",NA,NA,NA,NA,NA,NA,NA,NA,NA,NA,NA
"NFAS","44076","BN","2","COBBLE","29",NA,NA,NA,NA,NA,NA,NA,NA,NA,NA,NA
"NFAS","44076","BN","3","COBBLE","25",NA,NA,NA,NA,NA,NA,NA,NA,NA,NA,NA
"NFAS","44076","BN","4","COBBLE","23.25",NA,NA,NA,NA,NA,NA,NA,NA,NA,NA,NA
"NFAS","44076","BN","5","COBBLE","25.5",NA,NA,NA,NA,NA,NA,NA,NA,NA,NA,NA
"NFAS","44111","BN","1","COBBLE","31.875",NA,NA,NA,NA,NA,NA,NA,NA,NA,NA,NA
"NFAS","44111","BN","2","COBBLE","33.25",NA,NA,NA,NA,NA,NA,NA,NA,NA,NA,NA
"NFAS","44111","BN","3","COBBLE","34.25",NA,NA,NA,NA,NA,NA,NA,NA,NA,NA,NA
"NFAS","44111","BN","4","COBBLE","32.75",NA,NA,NA,NA,NA,NA,NA,NA,NA,NA,NA
"NFAS","44111","BN","5","COBBLE","29.625",NA,NA,NA,NA,NA,NA,NA,NA,NA,NA,NA
"RASS","44032","DL","1","PEBBLE","31.125",NA,NA,NA,NA,NA,NA,NA,NA,NA,NA,NA
"RASS","44032","DL","2","PEBBLE","24",NA,NA,NA,NA,NA,NA,NA,NA,NA,NA,NA
"RASS","44032","DL","3","PEBBLE","29.125",NA,NA,NA,NA,NA,NA,NA,NA,NA,NA,NA
"RASS","44032","DL","4","PEBBLE","16.125",NA,NA,NA,NA,NA,NA,NA,NA,NA,NA,NA
"RASS","44032","DL","5","PEBBLE","25.25",NA,NA,NA,NA,NA,NA,NA,NA,NA,NA,NA
"RASS","44032","GR","1","COBBLE","14.25",NA,NA,NA,NA,NA,NA,NA,NA,NA,NA,NA
"RASS","44032","GR","2","COBBLE","22.875",NA,NA,NA,NA,NA,NA,NA,NA,NA,NA,NA
"RASS","44032","GR","3","COBBLE","20.75",NA,NA,NA,NA,NA,NA,NA,NA,NA,NA,NA
"RASS","44032","GR","4","COBBLE","35.625",NA,NA,NA,NA,NA,NA,NA,NA,NA,NA,NA
"RASS","44032","GR","5","COBBLE","33.5",NA,NA,NA,NA,NA,NA,NA,NA,NA,NA,NA
"RASS","44039","DL","1","PEBBLE","36.75",NA,NA,NA,NA,NA,NA,NA,NA,NA,NA,NA
"RASS","44039","DL","2","PEBBLE","30.375",NA,NA,NA,NA,NA,NA,NA,NA,NA,NA,NA
"RASS","44039","DL","3","PEBBLE","14.875",NA,NA,NA,NA,NA,NA,NA,NA,NA,NA,NA
"RASS","44039","DL","4","PEBBLE","29.75",NA,NA,NA,NA,NA,NA,NA,NA,NA,NA,NA
"RASS","44039","DL","5","PEBBLE","31",NA,NA,NA,NA,NA,NA,NA,NA,NA,NA,NA
"RASS","44039","GR","1","COBBLE","33.9725",NA,NA,NA,NA,NA,NA,NA,NA,NA,NA,NA
"RASS","44039","GR","2","COBBLE","29.5275",NA,NA,NA,NA,NA,NA,NA,NA,NA,NA,NA
"RASS","44039","GR","3","COBBLE","30.25",NA,NA,NA,NA,NA,NA,NA,NA,NA,NA,NA
"RASS","44039","GR","4","COBBLE","30.625",NA,NA,NA,NA,NA,NA,NA,NA,NA,NA,NA
"RASS","44039","GR","5","COBBLE","24.875",NA,NA,NA,NA,NA,NA,NA,NA,NA,NA,NA
"RASS","44046","DL","1","PEBBLE","31.125",NA,NA,NA,NA,NA,NA,NA,NA,NA,NA,NA
"RASS","44046","DL","2","PEBBLE","22.75",NA,NA,NA,NA,NA,NA,NA,NA,NA,NA,NA
"RASS","44046","DL","3","PEBBLE","28.5",NA,NA,NA,NA,NA,NA,NA,NA,NA,NA,NA
"RASS","44046","DL","4","PEBBLE","31.375",NA,NA,NA,NA,NA,NA,NA,NA,NA,NA,NA
"RASS","44046","DL","5","PEBBLE","30.625",NA,NA,NA,NA,NA,NA,NA,NA,NA,NA,NA
"RASS","44046","GR","1","COBBLE","24.875",NA,NA,NA,NA,NA,NA,NA,NA,NA,NA,NA
"RASS","44046","GR","2","COBBLE","31.75",NA,NA,NA,NA,NA,NA,NA,NA,NA,NA,NA
"RASS","44046","GR","3","COBBLE","29.125",NA,NA,NA,NA,NA,NA,NA,NA,NA,NA,NA
"RASS","44046","GR","4","COBBLE","30.25",NA,NA,NA,NA,NA,NA,NA,NA,NA,NA,NA
"RASS","44046","GR","5","COBBLE","31.25",NA,NA,NA,NA,NA,NA,NA,NA,NA,NA,NA
"RASS","44053","DL","1","PEBBLE","22.75",NA,NA,NA,NA,NA,NA,NA,NA,NA,NA,NA
"RASS","44053","DL","2","PEBBLE","25.375",NA,NA,NA,NA,NA,NA,NA,NA,NA,NA,NA
"RASS","44053","DL","3","PEBBLE","19.875",NA,NA,NA,NA,NA,NA,NA,NA,NA,NA,NA
"RASS","44053","DL","4","PEBBLE","19.875",NA,NA,NA,NA,NA,NA,NA,NA,NA,NA,NA
"RASS","44053","DL","5","PEBBLE","24.25",NA,NA,NA,NA,NA,NA,NA,NA,NA,NA,NA
"RASS","44053","GR","1","COBBLE","22.875",NA,NA,NA,NA,NA,NA,NA,NA,NA,NA,NA
"RASS","44053","GR","2","COBBLE","24.5",NA,NA,NA,NA,NA,NA,NA,NA,NA,NA,NA
"RASS","44053","GR","3","COBBLE","35.5",NA,NA,NA,NA,NA,NA,NA,NA,NA,NA,NA
"RASS","44053","GR","4","COBBLE","29.875",NA,NA,NA,NA,NA,NA,NA,NA,NA,NA,NA
"RASS","44053","GR","5","COBBLE","32.5",NA,NA,NA,NA,NA,NA,NA,NA,NA,NA,NA
"RASS","44060","DL","1","PEBBLE","17.5",NA,NA,NA,NA,NA,NA,NA,NA,NA,NA,NA
"RASS","44060","DL","2","PEBBLE","18.625",NA,NA,NA,NA,NA,NA,NA,NA,NA,NA,NA
"RASS","44060","DL","3","PEBBLE","19.5",NA,NA,NA,NA,NA,NA,NA,NA,NA,NA,NA
"RASS","44060","DL","4","PEBBLE","23.5",NA,NA,NA,NA,NA,NA,NA,NA,NA,NA,NA
"RASS","44060","DL","5","PEBBLE","23.75",NA,NA,NA,NA,NA,NA,NA,NA,NA,NA,NA
"RASS","44060","GR","1","COBBLE","26",NA,NA,NA,NA,NA,NA,NA,NA,NA,NA,NA
"RASS","44060","GR","3","COBBLE","35.75",NA,NA,NA,NA,NA,NA,NA,NA,NA,NA,NA
"RASS","44060","GR","4","COBBLE","28.75",NA,NA,NA,NA,NA,NA,NA,NA,NA,NA,NA
"RASS","44060","GR","5","COBBLE","22.125",NA,NA,NA,NA,NA,NA,NA,NA,NA,NA,NA
"RASS","44067","DL","1","PEBBLE","21",NA,NA,NA,NA,NA,NA,NA,NA,NA,NA,NA
"RASS","44067","DL","2","PEBBLE","21.875",NA,NA,NA,NA,NA,NA,NA,NA,NA,NA,NA
"RASS","44067","DL","3","PEBBLE","23",NA,NA,NA,NA,NA,NA,NA,NA,NA,NA,NA
"RASS","44067","DL","4","PEBBLE","30.25",NA,NA,NA,NA,NA,NA,NA,NA,NA,NA,NA
"RASS","44067","DL","5","PEBBLE","28.125",NA,NA,NA,NA,NA,NA,NA,NA,NA,NA,NA
"RASS","44067","GR","1","COBBLE","26.875",NA,NA,NA,NA,NA,NA,NA,NA,NA,NA,NA
"RASS","44067","GR","2","COBBLE","29.75",NA,NA,NA,NA,NA,NA,NA,NA,NA,NA,NA
"RASS","44067","GR","3","COBBLE","25.25",NA,NA,NA,NA,NA,NA,NA,NA,NA,NA,NA
"RASS","44067","GR","4","COBBLE","32",NA,NA,NA,NA,NA,NA,NA,NA,NA,NA,NA
"RASS","44067","GR","5","COBBLE","27.25",NA,NA,NA,NA,NA,NA,NA,NA,NA,NA,NA
"RASS","44088","DL","1","PEBBLE","24.875",NA,NA,NA,NA,NA,NA,NA,NA,NA,NA,NA
"RASS","44088","DL","2","PEBBLE","21.25",NA,NA,NA,NA,NA,NA,NA,NA,NA,NA,NA
"RASS","44088","DL","3","PEBBLE","27.25",NA,NA,NA,NA,NA,NA,NA,NA,NA,NA,NA
"RASS","44088","DL","4","PEBBLE","24.875",NA,NA,NA,NA,NA,NA,NA,NA,NA,NA,NA
"RASS","44088","DL","5","PEBBLE","24",NA,NA,NA,NA,NA,NA,NA,NA,NA,NA,NA
"RASS","44088","GR","1","COBBLE","26",NA,NA,NA,NA,NA,NA,NA,NA,NA,NA,NA
"RASS","44088","GR","2","COBBLE","20",NA,NA,NA,NA,NA,NA,NA,NA,NA,NA,NA
"RASS","44088","GR","3","COBBLE","25.5",NA,NA,NA,NA,NA,NA,NA,NA,NA,NA,NA
"RASS","44088","GR","4","COBBLE","32.125",NA,NA,NA,NA,NA,NA,NA,NA,NA,NA,NA
"RASS","44088","GR","5","COBBLE","29.125",NA,NA,NA,NA,NA,NA,NA,NA,NA,NA,NA
"RASS","44095","DL","1","PEBBLE","31.5",NA,NA,NA,NA,NA,NA,NA,NA,NA,NA,NA
"RASS","44095","DL","2","PEBBLE","22.625",NA,NA,NA,NA,NA,NA,NA,NA,NA,NA,NA
"RASS","44095","DL","3","PEBBLE","19.5",NA,NA,NA,NA,NA,NA,NA,NA,NA,NA,NA
"RASS","44095","DL","4","PEBBLE","24.875",NA,NA,NA,NA,NA,NA,NA,NA,NA,NA,NA
"RASS","44095","DL","5","PEBBLE","22.25",NA,NA,NA,NA,NA,NA,NA,NA,NA,NA,NA
"RASS","44095","GR","1","COBBLE","31.75",NA,NA,NA,NA,NA,NA,NA,NA,NA,NA,NA
"RASS","44095","GR","2","COBBLE","28.875",NA,NA,NA,NA,NA,NA,NA,NA,NA,NA,NA
"RASS","44095","GR","3","COBBLE","34",NA,NA,NA,NA,NA,NA,NA,NA,NA,NA,NA
"RASS","44095","GR","4","COBBLE","29.25",NA,NA,NA,NA,NA,NA,NA,NA,NA,NA,NA
"RASS","44095","GR","5","COBBLE","34.625",NA,NA,NA,NA,NA,NA,NA,NA,NA,NA,NA
"RASS","44102","DL","1","PEBBLE","23.25",NA,NA,NA,NA,NA,NA,NA,NA,NA,NA,NA
"RASS","44102","DL","2","PEBBLE","22.875",NA,NA,NA,NA,NA,NA,NA,NA,NA,NA,NA
"RASS","44102","DL","3","PEBBLE","26.5",NA,NA,NA,NA,NA,NA,NA,NA,NA,NA,NA
"RASS","44102","DL","4","PEBBLE","29.75",NA,NA,NA,NA,NA,NA,NA,NA,NA,NA,NA
"RASS","44102","DL","5","PEBBLE","26.125",NA,NA,NA,NA,NA,NA,NA,NA,NA,NA,NA
"RASS","44102","GR","1","COBBLE","27.25",NA,NA,NA,NA,NA,NA,NA,NA,NA,NA,NA
"RASS","44102","GR","2","COBBLE","28.625",NA,NA,NA,NA,NA,NA,NA,NA,NA,NA,NA
"RASS","44102","GR","3","COBBLE","32.875",NA,NA,NA,NA,NA,NA,NA,NA,NA,NA,NA
"RASS","44102","GR","4","COBBLE","29.25",NA,NA,NA,NA,NA,NA,NA,NA,NA,NA,NA
"RASS","44102","GR","5","COBBLE","30",NA,NA,NA,NA,NA,NA,NA,NA,NA,NA,NA
"RASS","44109","DL","1","PEBBLE","26.25",NA,NA,NA,NA,NA,NA,NA,NA,NA,NA,NA
"RASS","44109","DL","2","PEBBLE","26.875",NA,NA,NA,NA,NA,NA,NA,NA,NA,NA,NA
"RASS","44109","DL","3","PEBBLE","27.875",NA,NA,NA,NA,NA,NA,NA,NA,NA,NA,NA
"RASS","44109","DL","4","PEBBLE","25",NA,NA,NA,NA,NA,NA,NA,NA,NA,NA,NA
"RASS","44109","DL","5","PEBBLE","25.75",NA,NA,NA,NA,NA,NA,NA,NA,NA,NA,NA
"RASS","44109","GR","1","COBBLE","20.375",NA,NA,NA,NA,NA,NA,NA,NA,NA,NA,NA
"RASS","44109","GR","2","COBBLE","18.125",NA,NA,NA,NA,NA,NA,NA,NA,NA,NA,NA
"RASS","44109","GR","3","COBBLE","21.375",NA,NA,NA,NA,NA,NA,NA,NA,NA,NA,NA
"RASS","44109","GR","4","COBBLE","27.625",NA,NA,NA,NA,NA,NA,NA,NA,NA,NA,NA
"RASS","44109","GR","5","COBBLE","28.125",NA,NA,NA,NA,NA,NA,NA,NA,NA,NA,NA
"RASS","44116","DL","1","PEBBLE","29",NA,NA,NA,NA,NA,NA,NA,NA,NA,NA,NA
"RASS","44116","DL","2","PEBBLE","29",NA,NA,NA,NA,NA,NA,NA,NA,NA,NA,NA
"RASS","44116","DL","3","PEBBLE","29",NA,NA,NA,NA,NA,NA,NA,NA,NA,NA,NA
"RASS","44116","DL","4","PEBBLE","29",NA,NA,NA,NA,NA,NA,NA,NA,NA,NA,NA
"RASS","44116","DL","5","PEBBLE","29",NA,NA,NA,NA,NA,NA,NA,NA,NA,NA,NA
"RASS","44123","DL","1","PEBBLE","31.875",NA,NA,NA,NA,NA,NA,NA,NA,NA,NA,NA
"RASS","44123","DL","2","PEBBLE","32.25",NA,NA,NA,NA,NA,NA,NA,NA,NA,NA,NA
"RASS","44123","DL","3","PEBBLE","35.25",NA,NA,NA,NA,NA,NA,NA,NA,NA,NA,NA
"RASS","44123","DL","4","PEBBLE","35.25",NA,NA,NA,NA,NA,NA,NA,NA,NA,NA,NA
"RASS","44123","DL","5","PEBBLE","24.625",NA,NA,NA,NA,NA,NA,NA,NA,NA,NA,NA
"RASS","44123","GR","1","COBBLE","24.75",NA,NA,NA,NA,NA,NA,NA,NA,NA,NA,NA
"RASS","44123","GR","2","COBBLE","32.375",NA,NA,NA,NA,NA,NA,NA,NA,NA,NA,NA
"RASS","44123","GR","3","COBBLE","24.625",NA,NA,NA,NA,NA,NA,NA,NA,NA,NA,NA
"RASS","44123","GR","4","COBBLE","21.125",NA,NA,NA,NA,NA,NA,NA,NA,NA,NA,NA
"RASS","44123","GR","5","COBBLE","17.375",NA,NA,NA,NA,NA,NA,NA,NA,NA,NA,NA
