"PROJECT","DATE","SITE","SAMPLE","SUBSTRATE","AVERAGE.DEPTH","FILA.OM.AREA.g.m2","FILA.ASH.AREA.g.m2","FILA.CHLA.MG.M2.HAUER","FILA.PHAEO.MG.M2.HAUER","FILA .640/664","FILA.CHLA.MG.M2.RITCHIE","FILA.CHLB.MG.M2.RITCHIE","FILA.CHLC.MG.M2.RITCHIE","FILA.CHLD.MG.M2.RITCHIE","FILA.CHL.TOTAL.MG.M2.RITCHIE"
"LTREB","44033","BG","1","COBBLE","32.25","2.59324670709732","8.22753700533987","9.71768839019791","1.80346289043313","1.55704697986577","10.6637739004761","4.67755128641187","-0.0461738568949644","0.0125627935682438","15.307764618686"
"LTREB","44033","BG","5","COBBLE","38","77.4630150279648","337.08582726624","274.37014220302","59.0154645493288","1.43598615916955","305.264761161088","136.67345057099","-0.210290337243557","1.60963428984188","443.339000146241"
"LTREB","44033","CR","1","COBBLE","24","57.9516980540963","130.409442949922","108.456562021756","264.239623834824","0.631782945736434","261.991393528726","77.1234907958054","-18.5733985803189","4.96694680306292","325.509881958259"
"LTREB","44033","CR","2","COBBLE","36.75","71.3248070873601","278.340254318492","167.537062072172","84.0113383724223","1.47222222222222","213.25496442592","64.9535178580801","8.98711796950866","2.15123662431031","289.347991804101"
"LTREB","44033","CR","3","COBBLE","35.25","35.1888846454049","196.541910710763","71.061098952683","26.0557362826504","1.63414634146341","76.2714857908187","22.53587359793","5.91580797212108","1.68240035023556","106.405992278042"
"LTREB","44033","CR","5","COBBLE","38","67.3495867067781","416.310800268774","126.575440301456","19.4994597221161","1.5360824742268","134.756116455641","40.6302935217526","3.0382077570972","1.23410733979514","179.659455391129"
"LTREB","44033","GC","1","COBBLE","25.75","64.9328865518773","272.451082242906","295.127322758784","132.176681303934","1.65546218487395","365.113386599007","174.412803199389","-9.64781695264857","0.203487544572535","530.083523132686"
"LTREB","44033","GC","2","COBBLE","35.25","188.238376845206","708.524573715498",NA,NA,"2.01333333333333","173.752905559115","57.9492940263038","5.83416766079691","1.06964910479441","238.60692870951"
"LTREB","44033","GC","3","COBBLE","21.5","52.6132109194677","133.223665142881","0.0243811945176166","0.00406353241960277","1.50813008130081","0.0244179435396943","0.0133441328312622","0.0014608352408919","0.00025436623054002","0.0394773838860035"
"LTREB","44033","GC","4","COBBLE","32.5","22.3313850791518","42.1385052166341","45.1739955375983","9.96144516982937","1.5981308411215","49.2752850241364","21.9321982523813","-0.658231056845165","0.806468397430946","71.3559592197881"
"LTREB","44033","GC","5","COBBLE","32.75","115.749064022829","369.461658901151",NA,NA,"1.50420168067227","145.960119648028","47.0495145067178","4.74231934676212","2.91249478944345","200.665240055557"
"LTREB","44033","WS","2","COBBLE","23.5","5.30107329575258","23.3181750795081","5.72027729881139","1.12900209844962","1.57281553398058","6.29246345545391","2.06377467883572","0.0381582976405328","0.0477326864724294","8.44216238238451"
"LTREB","44047","BG","1","COBBLE","26.5","5.24729090236823","48.7385402308651","8.86090300195321","1.56479776417472","1.59677419354839","9.65691204464003","0.735255827746343","0.94274599181758","0.0159883199197726","11.3509636151988"
"LTREB","44047","BG","4","COBBLE","30.75","13.9179480618965","318.394107200251","23.4970387621592","6.56296599908585","1.53086419753086","26.7941864542103","4.91036825103288","1.45399117490729","0.406772189569272","33.5654789044161"
"LTREB","44047","BG","5","COBBLE","15.25","3.41050525004638","10.7050346484144","4.58276486826533","0.877550719455064","1.53225806451613","5.02926179786891","0.425670164089428","0.625646918696765","0.00373187299297184","6.08434252514728"
"LTREB","44047","GC","1","COBBLE","33.375","46.3319633208595","367.681206915425",NA,NA,NA,NA,NA,NA,NA,NA
"LTREB","44047","GC","2","COBBLE","31","174.551670431536","477.631390599756","258.663563260676","230.210571302002","1.47972972972973","392.838117749463","163.327681867567","-6.92164804126456","4.66626161790089","553.912350748447"
"LTREB","44047","GC","3","COBBLE","39","130.185328204197","558.183503364407","115.849735620089","46.3398942480356","1.51041666666667","144.463359313404","36.451812875124","8.10031547967972","2.67853700530605","191.69485178422"
"LTREB","44047","GC","4","COBBLE","36.25","135.360617640152","771.007089218875","154.797512487628","122.118037629128","1.48","216.824386161272","87.3025117025572","-1.31548897316266","5.79633906570141","308.608859174467"
"LTREB","44047","GC","5","COBBLE","33.625","129.285451710749","546.477410792221","136.759063584992","69.4315245893038","1.50819672131148","176.24589295657","46.6729146789611","-72.141507941154","5.29642518756497","156.07473616091"
"LTREB","44047","CR","1","COBBLE","16.25","2.37110203877068","17.8241866770508","7.31741414333232","1.1832414359431","1.72357723577236","7.77709632728653","2.65809252551787","0.356927006622315","0.0768004860470281","10.8689571629883"
"LTREB","44047","CR","2","COBBLE","29.75","2.11388189649772","29.1687641337529","6.49348464491341","2.0670926119641","1.28070175438596","7.50633854196145","2.5332648197231","0.327614540461288","0.0946046397723783","10.461862264858"
"LTREB","44047","CR","3","COBBLE","29","34.9817158943312","1882.03617698352","65.6126114138693","26.2450445655477","1.725","47.1806772970663","23.5782236607328","19.4950058657783","3.80322150489846","94.0573740685935"
"LTREB","44047","CR","4","COBBLE","35","690.180387630713","172.577881459627","824.91251495075","54.5711356044342","1.59006211180124","840.804450986399","314.538975589799","21.0540679154368","12.1732465790266","1188.57506645463"
"LTREB","44047","CR","5","COBBLE","31.5","122.861604331996","488.15619800884","189.923944391635","52.2290847076994","1.65605095541401","215.591266157326","87.7803523771956","6.78594493447243","3.37234402383787","313.530987183527"
"LTREB","44047","WS","1","SAND","34.75",NA,NA,"48.3789525643036","5.75777674885023","1.33423180592992","52.4436216476189","12.3642255206155","3.27175650200893","0.210928354085154","68.2908293365601"
"LTREB","44047","WS","3","COBBLE","35","3.67240212217884","29.9392553781069","29.9204139701478","4.42822126758187","1.40719696969697","32.6615754975598","11.1179316401998","1.11549970938506","0.0574718483473034","44.95264790832"
"LTREB","44061","WS","2","COBBLE","29.25","16.0101702246009","121.470985869142","12.9994776738868","1.21870103192689","1.38666666666667","13.7529060107009","3.47457653279042","0.785809462518807","0.0525511741307655","18.0659200837584"
"LTREB","44061","WS","3","COBBLE","35.5","5.93475244201824","52.8260638405096","5.30258419085328","0.738497555325315","1.35593220338983","5.79323560502199","1.15097716039593","0.348578597089545","0.0469450243497244","7.33977039788257"
"LTREB","44061","WS","4","COBBLE","30.25","1.81646751656588","6.65959454450062","3.41245181446929","0.66241711692639","1.36225596529284","3.74747053063148","1.07458656456722","0.200372268957697","0.0381972068358898","5.06064717050313"
"LTREB","44061","CR","1","COBBLE","11","1.58041998772973","41.3314724147375","6.2691360002937","0.230132840517109","1.41326530612245","6.45347439688206","1.19242010197479","0.233372176470612","-0.17195140654027","7.70735152890154"
"LTREB","44061","CR","2","COBBLE","25.25","112.231654939477","707.697869664768","110.361569851343","4.05124750087208","1.45918367346939","114.047891148621","21.5863997165511","4.76087244733766","-2.48324781270684","137.912559053261"
"LTREB","44061","CR","3","COBBLE","27.75","648.476758319768","6052.35510381019","764.775805527331","34.2436927848059","1.44311377245509","791.357974377867","115.826191384273","48.9979362432321","-22.0771780707795","934.109498310532"
"LTREB","44061","CR","4","COBBLE","32","386.677612980843","586.023612685328","157.544661513081","36.6462582215211","0.283464566929134","179.754604188577","44.2123207084018","5.11555802356305","-2.5212725709196","226.562191636595"
"LTREB","44061","CR","5","COBBLE","26.25","13.8482444851007","77.6844619093352","8.70043717390106","0.352720425968962","1.47826086956522","8.89412164031684","1.31620907558525","-0.104510049409386","-0.468329939868951","9.63754004583437"
"LTREB","44061","GC","1","COBBLE","22.25","25.0177566638034","188.219461192881","28.2034447729192","5.1844567597278","1.55191256830601","31.6686813022863","3.24682604567237","1.61962895192481","-0.677188693420972","35.8581386740825"
"LTREB","44061","GC","2","COBBLE","30","57.125110337431","905.975654902109","202.683163840242","48.6096062430411","1.3394495412844","233.794965158112","48.5168722302577","8.47386875592436","-0.154080634074071","290.632970040825"
"LTREB","44061","GC","3","COBBLE","18.25","23.2538996059682","1071.92479810632","128.603713556494","45.2755539507109","1.43457943925234","155.949820876591","38.9146879904289","1.15325681995205","-0.434742705993732","195.583887333062"
"LTREB","44061","GC","4","COBBLE","25.25","322.464689466301","1619.0545340743","170.68603353421","63.9296780146312","1.51533742331288","207.922566187795","49.6941141232233","1.75129565752127","-3.1514209281737","256.217694109572"
"LTREB","44061","GC","5","COBBLE","40","69.7570864744437","437.052998795654","64.9452495695616","16.885764888086","1.47142857142857","75.8998348115645","11.4959740315483","3.36609687995015","-0.570645773134279","90.1917107559058"
"LTREB","44075","WS","1","COBBLE","31","5.40045380526714","25.5372833978447",NA,NA,NA,NA,NA,NA,NA,NA
"LTREB","44075","WS","2","COBBLE","27","43.3918688189823","138.953828403244",NA,NA,NA,NA,NA,NA,NA,NA
"LTREB","44075","CR","1","COBBLE","13","12.3746272082588","57.7494294876726",NA,NA,NA,NA,NA,NA,NA,NA
"LTREB","44075","CR","2","COBBLE","25.5","42.3747830595233","1165.95941047163",NA,NA,NA,NA,NA,NA,NA,NA
"LTREB","44075","CR","3","COBBLE","24","88.4949857219065","944.382406435798",NA,NA,NA,NA,NA,NA,NA,NA
"LTREB","44075","CR","4","COBBLE","21","116.278622108548","460.195764994746",NA,NA,NA,NA,NA,NA,NA,NA
"LTREB","44075","CR","5","COBBLE","31.75","126.312146164919","472.977124666148",NA,NA,NA,NA,NA,NA,NA,NA
"LTREB","44075","GC","1","COBBLE","31.75","7.50264387711609","52.0824020804135",NA,NA,NA,NA,NA,NA,NA,NA
"LTREB","44075","GC","3","COBBLE","24.25","7.79143194594072","36.6679004634743",NA,NA,NA,NA,NA,NA,NA,NA
"LTREB","44075","GC","4","COBBLE","36.25","83.6611435698942","462.862676994703",NA,NA,NA,NA,NA,NA,NA,NA
"LTREB","44075","GC","5","COBBLE","35","4.69543677894627","11.7713290563822",NA,NA,NA,NA,NA,NA,NA,NA
"LTREB","44103","WS","5","COBBLE","16.75","11.647997064548","58.8718529410351",NA,NA,NA,NA,NA,NA,NA,NA
"LTREB","44103","BG","1","COBBLE","17.5","22.2274020837192","137.1726133199","47.0385826876273","5.22650918751415","1.35523613963039","50.0499766625521","3.52710045040055","5.83831184368525","0.0832195982241641","59.4989282788948"
"LTREB","44103","WS","2","COBBLE","32.5","9.88290960504157","33.0522834505864","10.5613022001773","0.709010497354559","1.21606648199446","10.6235170968081","-1.28876875723297","46.1629794645992","-1.10480968801747","54.392988375468"
"LTREB","44103","GC","1","COBBLE","33.5","165.581669786429","1049.98870005831","368.864686994522","75.6743017648555","1.26577437858509","408.15335510059","59.4913125248502","36.7491218285679","4.00337608162154","508.399665082043"
"LTREB","44103","GC","2","COBBLE","20.5","105.879068433582","639.951865015103","125.022676709111","32.0151527273798","1.31525423728814","144.186623820601","16.1663786631201","12.7373421616102","2.04436517304601","175.135620060835"
"LTREB","44103","GC","3","COBBLE","20.5","26.3719579248114","158.999465304475","35.7460162669189","8.35050380005892","1.38023952095808","40.6998935250223","3.78484842648863","3.45695932971078","0.420060134976747","48.3620203975897"
"LTREB","44103","GC","4","COBBLE","23.75","24.8693865240109","140.042107311831","27.347386293317","3.46400226382015","1.36531365313653","29.5784794198945","1.6413533499918","3.18263292221183","0.190014341745954","34.5926722020302"
"LTREB","44103","GC","5","COBBLE","19","14.781106039846","80.1983245280874","19.3972125737899","2.34888121010736","1.33132530120482","21.1638544603483","1.4843981408898","2.10136015494789","0.148282313899104","24.8980312864655"
"LTREB","44103","CR","2","COBBLE","24.5","119.340089266409","737.031521300741","135.061406017277","10.0293123280156","1.29803921568627","142.680623256815","20.8913856291729","10.2364545645072","1.76757301644341","175.576912936181"
"LTREB","44103","CR","3","COBBLE","33.75","55.7864178483303","356.284813747716","71.6787622887935","3.35792399911464","1.28880866425993","74.4774990694818","10.6616965054258","4.29335639533301","0.22818114204874","89.6611853823756"
"LTREB","44103","CR","4","COBBLE","28","20.5469263494236","124.371238718835","58.5048875282767","6.89359915061862","1.27952167414051","63.7232829740072","9.9469009979484","4.43971973367036","0.443648050304247","78.5539373381811"
"LTREB","44103","CR","5","COBBLE","28.5","40.1656006294598","262.175515351636","54.8722020984516","11.3528693996796","1.35350318471338","61.5786439456241","16.6863156313078","3.35981331232475","1.51450962867936","83.1396333088444"
"LTREB","44103","CR","1","COBBLE","20","15.1705381672284","70.2326877021902","10.0286109201403","0.306429778115398","1.26857142857143","10.1823041818683","1.91646785984164","0.798442068735798","0.226130986787187","13.1234066544576"
"LTREB","44124","CR","1","COBBLE","27.75","1.11437623741401","5.39805754319991","4.33853697333855","0.0542317121667316","1.21463414634146","4.43152235557658","0.626770705563591","0.346882744483482","0.0280912918194128","5.43329417944665"
"LTREB","44124","CR","2","COBBLE","24.75","10.7217504382322","88.4287538372314","5.09461830276538","7.92988414082611","1.33018867924528","6.69868222883597","35.216928563196","-12.5674203577214","0.29978273844582","29.6478628349882"
"LTREB","44124","CR","4","COBBLE","26.625","5.75716979071486","65.1538173132965","16.0056427289876","0.854670242810017","1.25581395348837","16.6829542008588","2.69559851770355","1.44661828679326","0.194887513446805","21.0201597871866"
"LTREB","44124","CR","5","COBBLE","28.25","14.7092591349869","99.6093466759158","23.2340929725438","3.8723488287573","1.3","25.6495694178189","5.60543522572363","1.46855131019941","0.273474846385068","32.9971796994328"
"LTREB","44124","GC","1","COBBLE","30","5.11295581496025","20.7995358654952","5.38785791282143","1.01376800201771","1.32019704433498","5.94977416152893","0.897456703293252","0.644241719273914","0.0656473261284063","7.55715628596539"
"LTREB","44124","GC","2","COBBLE","25","4.59870210538182","21.2371634465596","8.68331239397363","0.733099325064985","1.28802588996764","9.15447339221533","1.58040017576629","0.719581731641212","0.114462766077962","11.5689732460798"
"LTREB","44124","BG","5","COBBLE","40","12.4443894065976","129.265741337944","13.6699852821537","2.35807246117151","1.49056603773585","14.5075918709778","6.99349279252437","-0.070929048165781","0.0913226694673315","21.5215448427845"
"LTREB","44124","BN","1","COBBLE","13","3.34269548595761","12.1608715125001","0.150391322871608","1.99017850600095","1.375","1.26853672683748","0.53484674394283","0.0171784066102559","0.0534482500289433","1.87401669882563"
"LTREB","44124","BN","3","COBBLE","25","24.5623761081574","31.539697439298","0.668189804312513","18.6257907952113","1.33136094674556","11.7920710192456","1.68555382788198","1.4008117500081","0.0667495337381065","14.9452580801505"
"LTREB","44369","GC","1","COBBLE","13.875","4.94695785821242","7.88598887627818","-0.243493940135297","6.01024208900623","1.42131979695431","3.35185033550696","0.613673430302583","0.103524746912255","0.0280328098345276","4.0971012337337"
"LTREB","44369","BG","1","COBBLE","14.25","3.49757037093089","8.58897027798219","1.29863434738825","8.84070305721998","1.46753246753247","6.28822134654687","2.41726585214469","0.129394639337707","0.0625570610159484","8.89747070080826"
"LTREB","44369","BG","2","COBBLE","11.1875","90.8293270522876","592.132004991469","19.5076106654547","233.115947452184","1.43589743589744","157.059316984869","56.0650557080474","3.61807728074399","0.46701366057523","217.21026731857"
"LTREB","44369","BG","3","COBBLE","15.25","66.0651580520567","327.611074295383","28.964852865966","288.068627594244","1.45505617977528","186.007186423268","72.9291109024317","11.2564893674145","2.07036073948177","272.264084327735"
"LTREB","44369","BG","4","COBBLE","17.0625","108.858271790359","212.371533638653","-214.774142068056","669.558387897165","2.33540372670807","166.468793060051","169.921126514288","14.7729115701554","2.88144246808524","354.04465570141"
"LTREB","44369","BG","5","COBBLE","7","42.9992933221216","50.7989994824292","6.18100001881907","49.7055418180033","1.6280487804878","34.8506831257715","12.5532155622528","0.345022880888181","0.283245676268131","48.0323466562298"
"LTREB","44369","BN","1","COBBLE","15","96.5116811860155","1392.14181423076","43.8445178102595","269.205339354993","1.55445544554455","168.282960883436","70.6448980615574","15.2038501350064","4.84156782682527","258.974130807547"
"LTREB","44369","BN","2","COBBLE","9.4375","10.3866272904795","18.7539465549536","1.35794697383146","17.494883512862","1.73170731707317","11.5080970947931","3.98047655727111","0.241335658534695","0.0210990375316098","15.7510676841406"
"LTREB","44369","BN","3","COBBLE","13.5","94.660597849339","730.855672994492","21.8161205209682","142.774388742781","1.56363636363636","84.3998066627553","38.2006716200459","21.4863820701477","3.50994415437914","147.597231206315"
"LTREB","44369","BN","4","COBBLE","12.875","44.6579703566057","67.5168413351747","45.936068321678","142.70805225268","1.55048859934853","128.492079744172","55.3872452010836","0.251549198104423","0.877755492770075","185.009248998849"
"LTREB","44369","BN","5","COBBLE","12.6875","61.6641864322138","128.583681017984","8.00720456983376","149.868178865389","1.63583815028902","93.933706393419","37.8887125060632","-2.29829763127402","0.158529655019612","129.683110762691"
"LTREB","44384","GC","2","COBBLE","14.625","38.8682622290691","96.7689522210536","1.45472020644934","66.7716574760245","1.62222222222222","41.0341836751282","8.21338025175952","5.15605690551422","0.20921818699496","54.6130787485695"
"LTREB","44384","GC","3","COBBLE","13.8125","110.277162207872","468.219249920586","2.3397270273257","122.133750826402","1.66233766233766","75.4621730126495","13.4058822466349","3.08613500113289","1.24567242195272","93.2003183595438"
"LTREB","44384","GC","4","COBBLE","14","107.645254032449","345.208859991852","2.19300631980828","155.922749338369","1.68269230769231","95.3300011490795","18.7649226385746","5.84468216905488","1.47145795955046","121.41163064823"
"LTREB","44384","BG","1","COBBLE","13.5","6.17328341455088","25.5612516383747","-0.218520202685523","41.4423564393093","1.29580152671756","24.2284287003989","0.960761718782268","3.29068713875016","0.202777745387185","28.682814896725"
"LTREB","44384","BG","2","COBBLE","14.625","102.358115104314","466.312898322131","3.9614591029704","220.653272035451","1.67901234567901","132.902598267029","18.3200198494198","11.8718252699557","3.49734523705273","166.592626909747"
"LTREB","44384","BG","3","COBBLE","7","160.634060042686","540.159245907876","9.66015381729071","625.977967360437","1.52112676056338","384.089971017381","41.59923938267","32.4002041436615","4.65955891261205","462.751397539866"
"LTREB","44384","BG","4","COBBLE","15.125","104.750753153547","415.061861959197","4.16437071974982","239.243097849627","1.54545454545455","144.702064266482","17.9010622363492","12.2947742556625","1.03094690033746","175.929744480241"
"LTREB","44384","BG","5","COBBLE","7.5","31.4272434007438","94.4351218582211","2.21641919866744","84.6672133890962","1.6858407079646","52.7829648138388","5.94897704476492","5.03146043317273","0.399588421917062","64.1633206862147"
"LTREB","44384","BN","1","COBBLE","15","169.076132929551","336.792573748392","13.8292071128124","339.507034619543","1.47619047619048","212.329567170944","44.1843037767397","13.7799632226906","2.31646988357086","272.611547128742"
"LTREB","44384","BN","2","COBBLE","15.875","157.386858497576","260.835054023073","16.6512394446368","367.992391726473","1.46120689655172","231.476675043981","26.6965606891812","19.3676989492416","2.64604142190263","280.188428299079"
"LTREB","44384","BN","3","COBBLE","6.8125","83.1902319485157","185.894072468531","7.2767227494279","176.945641523588","1.63348416289593","112.302706914912","14.4688411056405","9.28409438574339","0.97064304684644","137.026980421046"
"LTREB","44384","BN","4","COBBLE","11.25","59.1972493917928","122.363501239241","7.44061290144205","122.026051583649","1.52542372881356","79.4923432913039","6.60888455046174","7.35844369315645","0.844551365509747","94.3047324769173"
"LTREB","44384","BN","5","COBBLE","8.1875","47.2275313289839","287.736867499394","0","75.7172502305335","1.59259259259259","44.7635197804846","5.63091942827806","2.45955659661007","0.241588815767902","53.0958608404979"
"LTREB","44397","WS","1","COBBLE","30.5","2.28793007072182","16.6548220879717","-0.214633664794901","21.0984892493388","1.3731884057971","12.1716464291045","2.35502206629204","0.978018085272453","0.0749288535413211","15.5796869787652"
"LTREB","44397","WS","3","COBBLE","27","10.0172637499126","80.805644128646","-1.93352918770513","143.540373072259","1.32569360675513","84.1575476651096","10.626089839357","7.60655542141872","0.58117035455241","102.971883776357"
"LTREB","44397","GC","3","COBBLE","38.25","56.684434187571","572.375222369368","-1.66607138562818","287.397314020861","1.43621399176955","166.485265752958","48.239487059188","-20.0371915983056","1.73057393211971","196.419046181249"
"LTREB","44397","GC","4","COBBLE","32.5","10.7857444471724","71.0544072188336","0","33.1320921316336","1.34722222222222","19.635449540663","2.39239290605106","1.51618351644398","0.36256567628835","23.9067154868411"
"LTREB","44397","GC","5","COBBLE","26.25","114.288765973072","658.983274746666","-5.26321516753987","591.059063314727","1.42721518987342","336.637725880311","92.9315454551845","26.8205855657534","1.85127186982899","458.242981738215"
"LTREB","44397","BG","1","COBBLE","12","101.159008948424","259.567859727174","-2.49113031061496","534.347451626908","1.38538205980066","311.658660816799","67.5628781617952","22.3536120328532","5.18116851296025","406.758148219318"
"LTREB","44397","BG","2","COBBLE","18.5","112.824945950866","539.107177117451","0","326.511794251694","1.37777777777778","189.361194157643","60.8653088414667","4.727317081823","5.19108951723136","260.14595015302"
"LTREB","44397","BG","3","COBBLE","27.25","119.188673138293","480.32643850518","-8.82197275413267","715.903088997865","1.37471783295711","407.708759435003","74.6807087336425","45.0994528698373","11.240638836735","538.732054478"
"LTREB","44397","BG","4","COBBLE","27.75","95.4001103227498","546.819265600249","-8.0228131557399","472.744265201973","1.32075471698113","266.737999627633","45.1913496586929","26.7698513655109","6.17785158581851","344.878689853074"
"LTREB","44397","BG","5","COBBLE","32.75","88.8752174982502","396.751456155313","-6.56184951492812","263.78635050011","1.32710280373832","146.610820026923","18.5748694976288","15.1978763141204","4.04798530478682","184.432485039645"
"LTREB","44397","BN","1","COBBLE","22.5","87.9141178597886","450.412016389275","-13.4733313541531","529.838755502069","1.38004750593824","293.306841677156","92.0707541218539","10.5519144674427","4.450343531655","400.381443348436"
"LTREB","44397","BN","2","COBBLE","10.75","12.8865769392908","55.254539800751","-2.89490569770288","91.8046969384032","1.40597014925373","51.0108161606773","5.65669723444279","6.65713246101941","0.733144354993767","64.0581127708505"
"LTREB","44397","BN","3","COBBLE","11.75","215.7216195027","1290.13901025435","9.77721821158666","585.655370874032","1.57396449704142","341.112019840001","109.271985053636","10.999700057188","8.38129144441504","469.766863953775"
"LTREB","44397","BN","4","COBBLE","26","102.193639864656","372.020352622183","-3.53378384914302","443.843251452363","1.38081395348837","255.607949673958","29.7337933300822","30.9664022834397","4.20264177982548","320.512401755056"
"LTREB","44397","BN","5","COBBLE","33.75","107.94377183577","334.332011260369","-14.1460614067063","472.949986364216","1.39949748743719","262.254162081617","29.4278519807084","29.8231940722149","10.7255578869657","332.232484976949"
"LTREB","44411","WS","1","COBBLE","14.6875","26.446825958537","65.7668685780356","0","55.7882077456139","1.3546511627907","32.477375880262","15.1767960185837","-1.56137073929779","0.439556275582617","46.5325105746498"
"LTREB","44411","WS","2","COBBLE","8.6875","2.98951251841548","38.3994527210135","12.4540906944842","3.51427311676039","0.835087719298246","15.0481632068483","-0.424124434989722","-0.102135828294929","0.119687566228101","14.6416939590562"
"LTREB","44411","WS","3","COBBLE","16.6875","12.110546110432","107.76731446264","-0.284076263491179","54.9687569855432","1.33941605839416","31.9438970493637","8.18518619997126","1.41253038581432","1.73523463740404","43.2770408485971"
"LTREB","44411","GR","2","COBBLE","15.25","1.8064528924425","7.27773356907376","0","4.52336819559031","1.39416058394161","2.64402903673591","0.693083122442744","0.130183323061215","0.0558287549934958","3.52313931968716"
"LTREB","44411","GC","2","COBBLE","21.375","1.74090470943426","4.14800400081811","-0.0655560608056568","7.29311176462931","1.38019169329073","4.27880406766944","0.488558630144856","0.44149613051513","0.0504188717316494","5.25930458541186"
"LTREB","44411","GC","3","COBBLE","35.375","36.8643897478632","155.909073857822","-0.716434093090392","174.236771439583","1.46086956521739","103.485861914467","13.7347821480997","10.5574854932778","-0.0181228309540541","127.760637294223"
"LTREB","44411","BG","1","COBBLE","28.375","3.83582243054784","14.6816846905658","-0.312171718122175","30.1948094353674","1.19259259259259","17.5535095369027","2.81789137982948","1.51259093861774","0.146006337031382","22.03010429569"
"LTREB","44411","BG","2","COBBLE","28.375","16.5601240668933","10.1851148663348","-0.437040405371039","36.6130599599593","1.28540772532189","21.2151464115362","3.82025407219016","2.05006774218736","0.271986449131364","27.3575819405564"
"LTREB","44411","BG","4","COBBLE","19","7.34993641840901","16.3498585633996","-0.694582072821832","46.4953239546939","1.35483870967742","26.4698974112317","3.25002600080433","1.91686702225035","3.57760287292963","35.2145878942536"
"LTREB","44411","BN","1","COBBLE","24.125","16.5667485449975","71.9592967594704","-0.671169193962677","36.8471887485509","1.47972972972973","19.3486867328784","2.76837182571208","0.560803338303756","9.50791351627484","32.1859777694242"
"LTREB","44411","BN","2","COBBLE","26.5","0.708799594177097","0.691697191100436","-0.0858472224835973","4.2683239018845","1.2396449704142","1.74530875781076","8.04085919478966","-2.75376977729816","0.0628471118018352","7.09522149424094"
"LTREB","44411","BN","3","COBBLE","33","17.232384311957","28.3584441652365","0","101.185779853531","1.28254847645429","59.225053472336","5.53041167487365","8.10153584795551","0.544807694542651","73.4021850846187"
"LTREB","44411","BN","5","COBBLE","23.5","79.876477403424","281.182113669897","-11.0633656902499","609.314865390512","1.2754590984975","344.54837625217","31.4640152028945","163.666314696977","2.54365734109494","542.224559591944"
"LTREB","44425","WS","5","COBBLE","26","15.3337107736068","91.0500342009057","3.42523567238212","179.99613458368","1.38322580645161","112.900804269299","8.65372579171376","13.8628485766087","0.0709062269977171","135.489001983248"
"LTREB","44425","GC","2","COBBLE","35.8775","23.87002920293","46.7672985950824","4.61460866742864","68.6038488557724","1.31336405529954","45.8164042827729","2.98932160273413","1.69740208728624","-0.740336474438516","49.7630776309771"
"LTREB","44425","GC","3","COBBLE","37.7825","100.336191687448","377.37428983407","5.92171356076555","242.790255991387","1.59340659340659","148.512872260687","23.4669376222231","12.5420118920816","-0.121820219793127","184.400888703297"
"LTREB","44425","GC","4","COBBLE","33.81375","75.2285633020298","518.193175184543","7.6599472140953","222.904463930173","1.48863636363636","140.619532242027","14.5518484475084","13.1461979280753","0.769315466316014","169.087776268859"
"LTREB","44425","GC","5","COBBLE","46.355","98.8695821123837","308.086350822122","8.3003092398665","319.008551785539","1.51744186046512","207.344988978422","22.5251222267989","13.7489804026809","4.56062097361662","248.181038973007"
"LTREB","44425","GC","6","COBBLE","45.72","107.624816103706","760.970758568555","3.49002342894736","238.368600197105","1.67326732673267","143.718772666588","24.2462253895523","8.88876289230899","-0.317069282082308","176.537541297539"
"LTREB","44425","GC","7","COBBLE","47.625","108.811183980935","318.911647629905","9.34331309864631","435.398390396918","1.38909090909091","267.126240074451","36.9346328357586","22.3691600791324","2.6234325987421","329.055110291139"
"LTREB","44425","BG","1","COBBLE","30.95625","64.5434756352678","360.579495773405","9.4164261253858","261.776646285725","1.3972602739726","163.545259792783","27.4183304123084","13.006034268837","1.82742652178548","205.798038486094"
"LTREB","44425","BG","2","COBBLE","31.4325","9.22226632406522","42.8072913231215","1.86051412281593","48.4579360169784","1.32634032634033","31.043406001195","3.90759277212505","2.72758211927636","0.273555756115796","37.9523292249101"
"LTREB","44425","BG","3","COBBLE","37.94125","109.292876636586","238.619215983466","3.72783739534222","281.575984594849","1.34954407294833","170.841277517078","10.1953141516913","20.7145266446638","2.21323241974626","203.965467688204"
"LTREB","44425","BG","4","COBBLE","37.94125","49.5430465510698","178.166590980996","1.99272582694772","295.122694970958","1.28776978417266","174.935216926963","11.3531896927968","23.4780531328382","1.25109969835201","211.01869015493"
"LTREB","44425","BG","5","COBBLE","37.94125","103.767662786827","148.745160550502","35.4916696005434","273.931159007831","1.51194539249147","202.146785995777","34.7981017132253","17.1488206889523","2.0217200598708","256.11664293273"
"LTREB","44425","BG","6","COBBLE","41.43375","24.2662155659445","46.953708043169","0.339187722702325","114.577612728845","1.37369519832985","67.9781562718321","6.43981302176233","7.46957424422656","0.675330378096345","82.5633058403583"
"LTREB","44425","BG","7","COBBLE","24.765","28.1427463402447","67.3705394922364","2.36156853170385","105.36531598952","1.4147582697201","63.0864199112048","20.8333713626243","2.79196660781336","0.819157659867904","87.5312516448969"
"DRONE","44448","GC","1","COBBLE","18.75","40.8181782999391","148.688456447533","162.320437111888","27.9828483610064","1.45496535796767","177.008872059789","46.3198585476156","10.0323249962828","0.480710327842649","233.842746843617"
"DRONE","44448","GC","2","COBBLE","30","10.6019776967149","44.4342781209777","23.953909907275","7.38251649601263","1.39710144927536","28.4831490783462","5.53826398278329","-6.08451813936281","0.53190563659085","28.4689704285973"
"DRONE","44448","GC","3","COBBLE","34.5","80.131917255462","593.48418972866","205.324490322871","41.3183850896642","1.44700460829493","234.454459734524","29.7969915617943","19.0736644315306","4.12639850651786","287.452985788258"
"DRONE","44448","GC","4","COBBLE","41.75","130.629270540199","1443.26010142399","258.944170693953","68.4949096674328","1.43352601156069","299.2682727925","52.5261696090094","18.0533548219773","3.65595569160091","373.505551790261"
"DRONE","44448","GC","5","COBBLE","47.75","63.1568208543267","435.114059058895","133.867686340915","19.4716634677695","1.67241379310345","145.554976513438","25.8647456903457","9.03250601193563","0.0970468558055382","180.550133489898"
"DRONE","44448","GC","6","COBBLE","20.5","64.1331348495636","263.014143349985","197.476881983069","49.1254218760349","1.41387024608501","228.852513390882","56.9219465074846","14.247778523355","2.30225793578592","302.325792964399"
"DRONE","44448","GC","7","COBBLE","31.25","12.0340895912339","111.025221201982","39.5567846318007","8.58845504167926","1.36212624584718","44.6696295133119","4.48702630411944","2.98709848503407","0.490066611669295","52.6341038725428"
"DRONE","44448","GC","8","COBBLE","34.875","212.681038398327","460.640722746871","206.802837245807","104.28143069629","1.6734693877551","282.723868362744","55.9923172541336","12.3323309920195","8.25911106425358","359.309341554343"
"DRONE","44448","GC","9","COBBLE","37.75","99.2733389868011","675.902274497203","51.7692356861552","22.8393686850685","2.09433962264151","60.5812629098015","13.491058257641","11.7273229400585","2.18015888315582","87.9801679643387"
"DRONE","44448","GC","10","COBBLE","45","63.8079069795561","1486.56961535497","104.012494761127","13.6016339303013","1.48529411764706","105.807152296419","15.8381722629847","12.2533071651682","0.809730229670932","134.709006226394"
"DRONE","44448","GC","11","COBBLE","22","24.3698793259473","170.489278727017","66.4764991165399","13.0011560219074","1.35973597359736","76.1605503219032","13.3137019883215","5.18782634358668","0.954134188688602","95.6166711339659"
"DRONE","44448","GC","12","COBBLE","31.375","25.7416152969301","219.385176227951","133.516780356009","28.6212766730007","1.38696537678208","149.618533302113","40.0899611483582","7.89400869165008","1.45838218414066","199.061719685268"
"DRONE","44448","GC","13","COBBLE","35.75","104.355390160165","260.006706857545","167.199172226237","43.4717847788215","1.39189189189189","192.232011551469","15.8933380564451","21.4984867857381","3.33828489595822","232.96336589019"
"DRONE","44448","GC","14","COBBLE","35.75","103.41993569832","1013.9558170991","309.12023957753","59.53426836308","1.61290322580645","345.148248524047","49.722520101167","23.8074183127534","1.75521179174739","420.435499838293"
"DRONE","44448","GC","15","COBBLE","42.75","72.3187396083217","1658.98101161646","193.198393770042","10.9857910182965","1.53543307086614","211.009577436923","42.5839083106575","11.9118011208293","-0.0289719556494404","265.477535083273"
"DRONE","44448","GC","16","COBBLE","23.875","13.6307144951978","106.975288491123","15.2564562080669","2.97686950401306","1.57657657657658","17.0034479642837","3.15330337508026","0.800592539068261","0.0860727811647222","21.0435170035128"
"DRONE","44448","GC","17","COBBLE","31.75","41.2918620378417","230.008085441886","93.4529742239268","13.4165161014548","1.30681818181818","100.915728069331","12.2306194483492","7.36347543825632","1.18968439741631","121.700138066495"
"DRONE","44448","GC","18","COBBLE","33.75","112.787509872298","1745.07404943398","242.894570436502","29.8557909494866","1.62903225806452","276.193907428505","44.3872012171817","17.9276510006132","2.18703666121181","340.697464122914"
"DRONE","44448","GC","19","COBBLE","44.375","106.527618101546","2085.90789682955","335.762534860668","38.6980548652973","1.75","359.824919728185","45.2225648195113","22.0663743233607","1.49372019333273","428.609795740808"
"DRONE","44448","GC","20","COBBLE","36.25","71.8352609596101","202.212902813407","58.4731998148999","11.0147190348997","1.60504201680672","59.3858879802539","14.1637409817992","7.15287002421723","0.798430891192582","81.5012711111871"
"DRONE","44448","GC","12.1",NA,NA,"4.49093853478231","31.4151551864302","12.9256885090513","1.12022633745112","1.56928838951311","14.0883342497939","2.68978022155629","0.906399902139048","-0.0119376467585645","17.6726587945942"
"LTREB","44461","BG","3","COBBLE","26.5","8.69186686018018","36.8815137535026","32.8627281558072","13.042395236836","1.17709923664122","40.6337809115065","3.38483572440784","4.35602857577365","-1.10215473529624","47.27273718862"
"LTREB","44461","GR","2","COBBLE","31.5","9.58712427339411","21.5298073363199","31.0611153977629","8.8947739548139","1.45890410958904","36.2205458495468","12.0525565718392","-0.507874694207314","-1.35418621936284","46.4112175192922"
"LTREB","44461","GR","3","COBBLE","35.375","0.588523660740896","4.35244143582956","4.68257577183262","0.416228957496233","1.5406976744186","5.00324250992627","0.981478534327464","0.327391745722456","-0.126459554856079","6.1856811655901"
"LTREB","44461","GR","5","COBBLE","11.75","2.33576674649883","6.9620918508546","8.21710218906883","1.2042304932256","1.45851528384279","9.07082033625177","1.60162443353049","0.799209317617878","-0.246195581096117","11.2255097990767"
"LTREB","44461","BN","1","COBBLE","33.25","4.58192351998784","37.2545839171658","18.1060784378891","5.57110105781203","1.27734375","21.4639560179482","1.96679987689689","2.19265302917077","-0.648619688284982","24.9749181550036"
"LTREB","44461","BN","2","COBBLE","34.5","5.54457924370779","33.9500252255263","15.7303085316513","6.13482032734401","1.3252427184466","19.3931836753698","1.77942276914556","2.01747477159121","-0.716111144133064","22.4740853770708"
"LTREB","44461","BN","3","COBBLE","34","5.74997058682628","68.2060931003129","19.132313494907","10.5070901980227","1.30690537084399","25.7903891332941","1.84197414211052","1.96745836623465","-0.884063949684109","28.7159139268477"
"LTREB","44461","BN","4","COBBLE","29.25","0.754780354982194","70.1125840929948","34.8608401061395","30.299262092251","1.35294117647059","53.0204223140136","6.98141729743584","5.48483607018262","-1.52039821766281","63.9665872084646"
"LTREB","44461","BN","5","COBBLE","30.25","20.6506545179315","76.7171227673125",NA,NA,NA,NA,NA,NA,NA,NA
"LTREB","44482","GR","2","COBBLE","33.5","18.1785051408438","28.7318956851295","56.3686092409411","6.46655758628082","1.40274599542334","59.1889744743549","13.579880176033","3.25152299363433","0.313367196326504","76.3340827045713"
"LTREB","44482","GR","4","COBBLE","34.5","20.7939686072195","129.796178948494","137.455572704831","15.691896819144","1.16106442577031","145.641655341581","44.3763142401826","-61.3640701352148","3.93856261517458","132.593267806174"
"LTREB","44482","GC","3","COBBLE","45","31.0008532971031","292.330360429708","84.5953752464711","7.22773460414935","1.32547169811321","83.9358267643419","13.2572552611069","5.76166173168586","0.193147308957024","103.148394739065"
"LTREB","44482","GC","4","COBBLE","37","5.3945076538277","14.9206744382814","12.7806774007667","3.24842217269486","1.35849056603774","14.2571961717745","1.48501528875554","1.25401172489253","0.173276108128138","17.1695895441207"
"LTREB","44482","GC","5","COBBLE","58","6.39723884048022","4.09445269429361","11.8927868327463","1.96094805791848","1.59025787965616","12.610527755676","2.1513417928116","1.1593809577349","0.00900433944891754","15.9303296494883"
"LTREB","44482","BN","1","COBBLE","29.75","2.95147280767744","44.9732082610469","18.4778112564964","4.06511847642921","1.51929824561404","20.1262066815348","4.5515031101295","1.26318232791281","0.123343591886596","26.0643510536063"
"LTREB","44482","BN","4","COBBLE","36","20.1395210970395","39.8803203622587","59.4034632956176","11.762476811769","1.38191881918819","64.7803273688026","22.0871788385585","2.36351113120093","-0.0177190944236916","89.2136325249052"
"LTREB","44482","BN","5","COBBLE","40","3.53887016030536","3.93341653562453","7.16815774216923","1.46078366109358","1.54874651810585","7.96064736960858","1.30236440554711","0.701896145930276","-0.00301073201274919","9.96194457815374"
"NFAS","44025","BN","2","COBBLE","34.925","6.9507979105483","10.7745820070135","8.72402812280462","-0.73379675799291","1.39301310043668","7.73682077704601","1.73331344512259","0.117214489372477","0.0356241072773421","9.62301709702479"
"NFAS","44025","BN","3","COBBLE","30.1625","730.186611465204","185.389845079124","84.5854778446899","23.3853968158848","1.70833333333333","96.8864872800137","32.19303906091","-0.41588325821987","-0.0540981806968793","128.610048054222"
"NFAS","44025","BN","4","COBBLE","20.6375","110.836378442126","14.8901788350489","48.1392755283383","-3.20928503522256","1.65714285714286","45.9726114763565","18.1247197015817","2.65601391098549","1.5458777440637","68.2994632288702"
"NFAS","44032","BN","1","COBBLE","26.75","1.90174048936836","8.806678520989","23.129804071415","4.07084551656905","1.56716417910448","26.0875082756393","2.94897205347372","1.74507528068933","0.568771411248859","31.3504933477322"
"NFAS","44032","BN","2","COBBLE","19.75","339.432619808229","112.369243558718","11.0862075232832","3.464439851026","2.26086956521739","13.2646317310922","4.15465488261955","0.230588964346641","-0.292502526867824","17.3574405234273"
"NFAS","44032","BN","3","COBBLE","12","375.859906672768","1118.39689952076","157.647652940245","33.6314992939188","1.80487804878049","169.043826607236","53.4648336405168","447.057135482526","-2.15947762495749","667.407223447648"
"NFAS","44032","BN","5","COBBLE","27.25","133.055457681118","69.5200790615514","5.43443909281598","2.71721954640799","1.91304347826087","6.05124938368663","2.2495786479074","0.48371160201369","0.172919257811539","8.957490875812"
"NFAS","44039","BN","3","COBBLE","26.035","19.4424866415115","147.226245022676","20.4995163765829","6.26066310960505","1.73684210526316","19.2656007051903","6.92932832447232","2.82013500615361","0.869352554359606","29.8845224182288"
"NFAS","44046","BN","4","COBBLE","33.25","3.29341507292286","43.0584087536763","8.18469528263891","1.56514348387305","1.45098039215686","9.07028587331398","1.83572082991303","0.76048021734094","0.0275926250651393","11.6941322494992"
"RASS","44032","DL","1","PEBBLE","31.125","7.11046532602111","31.8757834465481","191.039501271603","101.830105202691","1.30013831258645","258.817604531179","58.0227826777377","0.739448843907143","-6.15303439393108","311.428216478525"
"RASS","44032","DL","2","PEBBLE","24","12.8842118730661","65.5158771769163","85.8270248843285","40.2402116670786","1.26442307692308","118.868037037135","21.2893653298529","-10.8150482817373","-10.2598364353682","119.083123661294"
"RASS","44032","DL","3","PEBBLE","29.125","0.380690253904377","1.14484952269053",NA,NA,NA,NA,NA,NA,NA,NA
"RASS","44032","DL","5","PEBBLE","25.25","60.7340462686566","519.780561684063","297.018979763041","144.504739592581","1.31525423728814","400.204770745587","117.874700074488","-16.8643609444358","-20.4878850042475","480.729187249031"
"RASS","44032","GR","1","COBBLE","14.25","111.341454646315","433.318673192528","196.812319268632","41.8226178445842","1.55263157894737","234.817249352753","78.3313425577435","2.06121152346932","6.37805123410503","321.589131473513"
"RASS","44032","GR","2","COBBLE","22.875","12.2093104413933","17.9702951156162","16.0013590841355","-0.864938328872184","1.82558139534884","17.3762125723065","3.84845076943901","0.132196267133394","-0.0122500535229595","21.3447083591725"
"RASS","44032","GR","3","COBBLE","20.75","26.831176808042","71.8872084092102","51.3804834918711","3.31832289218333","1.66942148760331","57.5832416196841","18.9553652650553","0.0149779561739676","0.506027202430084","77.0599167341007"
"RASS","44032","GR","4","COBBLE","35.625","7.8365485214209","10.5001185653137","11.285820525224","1.25398005835822","1.58895705521472","12.7691964090894","4.70494659768726","0.0695774424889586","0.158320182124522","17.7021063831535"
"RASS","44032","GR","5","COBBLE","33.5","168.116343426449","365.320468968793","423.526411012973","37.646792090042","1.51965065502183","463.890310972386","191.535369092694","-1.12339367089293","3.18890888878065","657.493468895412"
"RASS","44039","DL","1","PEBBLE","36.75","5.36022908489972","13.4662464641646","20.3731253503574","7.10255746159248","1.50157728706625","24.3461326061491","9.75607670943368","0.422763877103291","0.214753308227876","34.7398476070091"
"RASS","44039","DL","2","PEBBLE","30.375","14.2995863046395","55.0434294319704","33.2717142740942","7.5515576217607","1.52868852459016","37.429033384587","15.7055876787538","0.816937287755517","0.215423953826688","54.1671643241485"
"RASS","44039","DL","3","PEBBLE","14.875","17.1596433141046","87.4553017818923","61.896145006281","11.9923780949669","2.03654485049834","70.4033007003395","3.9921357666424","4.39656572454811","1.44615590481435","80.2386238077083"
"RASS","44039","DL","5","PEBBLE","31","10.0744800244164","54.3334821013983","53.2470523483462","9.40320286151646","1.47808764940239","59.3261141620035","13.5941583136756","4.50965490855868","0.266374224285711","77.6966399982298"
"RASS","44039","GR","1","COBBLE","33.9725","164.34644242988","338.784227488026","306.851032104121","69.0414822234272","1.60606060606061","343.917005478955","134.40057648101","2.64850557656784","1.05290894099647","482.02070439786"
"RASS","44039","GR","2","COBBLE","29.5275","82.676634710062","184.243603288829","33.3513486211249","10.1927717134225","1.46456692913386","38.6631940424922","17.0972068380322","0.183296979755033","0.354035449748601","56.2979185719065"
"RASS","44039","GR","3","COBBLE","30.25","61.7900384199113","50.0754919250328","212.705026181506","44.4746872924966","1.95454545454545","227.337543514887","64.9673958760833","7.48470144505647","2.87787896733057","302.668775127538"
"RASS","44039","GR","4","COBBLE","30.625","117.291315341574","183.188908076489","134.779984144319","15.8425595397709","1.66666666666667","143.79731327209","48.0357050198935","2.62563701288572","0.685837854792597","195.145245922567"
"RASS","44039","GR","5","COBBLE","24.875","6.82163139264182","8.29005735184618","3.93829882905957","0.196914941452979","1.96153846153846","4.01331779824593","0.762470601941172","0.336604243705475","0.0597967804538168","5.17221339339357"
"RASS","44046","DL","1","PEBBLE","31.125","1.6937783285283","1.95519749177381","3.24451821738999","0.517095090896529","1.58823529411765","3.55671410953464","1.24657182283841","0.120078819235156","0.0300804002865216","4.9534636326867"
"RASS","44046","DL","2","PEBBLE","22.75","1.39822919679229","15.0131032735873","5.65748835569374","0.67028938127241","1.38075313807531","6.06999558362894","2.20734149340279","0.0691112273400653","-0.00895538673401887","8.33752354969898"
"RASS","44046","DL","3","PEBBLE","28.5","9.16237465425848","43.715126182977","36.2284321829775","2.90968510445961","1.46130030959752","38.3413877266739","10.4326677153471","1.25455142820732","0.0875330803125768","50.1163504256696"
"RASS","44046","DL","4","PEBBLE","31.375","4.78216989715283","28.8536354863552","9.79992549683622","2.17776122151916","1.53179190751445","11.2286807605128","2.45620762733222","0.838262124889238","0.126692336873076","14.6499081008799"
"RASS","44046","GR","1","COBBLE","24.875","5.90368176339729","6.0925200689605","8.86701151746693","1.24424193874133","1.62576687116564","9.60906532565711","3.62383469393345","0.197592840321274","0.0176418926748393","13.4481829603332"
"RASS","44046","GR","2","COBBLE","31.75","42.2814415338989","58.5402483636373","48.9371975401554","6.29192539801998","1.7109375","52.8197467924639","18.0030871512944","1.01018674546202","0.461830541060182","72.2951280286157"
"RASS","44046","GR","3","COBBLE","29.125","120.441036333447","592.296949287989","169.45515378126","40.0202597228083","1.82307692307692","194.378321803156","55.1281542066541","9.36662045936746","3.00081054658065","261.874987294051"
"RASS","44046","GR","4","COBBLE","30.25","177.813568516041","328.859149320231","198.140433314664","26.7189372197047","1.76300578034682","214.743942732471","72.4042045891205","4.01062907617226","1.38064145991985","292.54054225011"
"RASS","44046","GR","5","COBBLE","31.25","80.3950765458853","198.997804442755","103.671546717527","18.430497194227","1.64497041420118","114.292743211059","45.6358993081212","3.54563346053026","0.745084158241205","164.219927154318"
"RASS","44053","DL","1","PEBBLE","22.75","3.96807472228625","18.1568606162876","7.37485168204455","1.19841339833224","1.51006711409396","8.14213219805591","2.30871625929309","0.471513549278959","0.0840078075498814","11.0064146985748"
"RASS","44053","DL","2","PEBBLE","25.375","2.34418532071499","5.72515151260425","1.92256186622372","0.469959567299133","1.62666666666667","2.17891838297761","1.00709759055305","0.0604410887157183","0.0366852219717024","3.28315268509375"
"RASS","44053","DL","3","PEBBLE","19.875","1.22539066181056","8.14330518044282","2.52177989748513","0.41080608007419","1.61818181818182","2.78034962584297","0.860713611189017","0.108707237710855","0.0206828910511933","3.77046829477977"
"RASS","44053","DL","4","PEBBLE","19.875","10.3393530297486","22.8109561986335","14.3656226796671","2.20804941187476","1.6993006993007","15.757486917461","4.54906701930159","0.947477479957085","0.2931850420296","21.5473041390652"
"RASS","44053","DL","5","PEBBLE","24.25","3.38159781380937","26.576897855397","4.43721029861506","0.957503274964304","1.58653846153846","5.02860348903849","1.51530381828964","0.208346834837395","0.0781440578136345","6.83042575214245"
"RASS","44053","GR","1","COBBLE","22.875","76.039914724433","127.216353784135","216.998909973903","26.0398691968684","1.68923076923077","234.929755843987","58.2535540631543","16.4104881138664","1.74012645003073","311.335250846398"
"RASS","44053","GR","2","COBBLE","24.5","33.3981711514944","50.6669807651479","102.666016839683","20.6121772270441","1.60056657223796","115.197154002955","37.8538122616536","6.11170117947475","1.23109006623246","160.39436977956"
"RASS","44053","GR","3","COBBLE","35.5","33.203380625415","93.3323244982442","93.2237139369096","13.7735937708587","1.64163822525597","101.981417685178","29.5161842346814","6.4453706312425","1.44074470824431","139.38428030705"
"RASS","44053","GR","4","COBBLE","29.875","98.6351455240047","180.06216022762","202.25625923989","39.0722318986152","1.68487394957983","227.218663743879","61.5553616851527","14.4353948946567","2.33722361130659","305.547909327833"
"RASS","44053","GR","5","COBBLE","32.5","43.7600245598852","78.2242021372898","132.744396844985","11.7995019417765","1.68421052631579","142.209429662817","25.294874100416","12.3516863020628","0.57429243557839","180.431125654719"
"RASS","44060","DL","1","PEBBLE","17.5","3.89288592371014","9.18862883033574","4.85046800799454","0.652304318316507","1.70394736842105","5.23240086246105","2.05031030445022","0.044665274368852","0.0201006576529155","7.34750309588801"
"RASS","44060","DL","2","PEBBLE","18.625","3.77620738892247","18.3248034503358","7.12420077712044","1.25662985929763","1.31088082901554","8.03302592412395","1.12179961605287","0.536970698253282","0.0664825346864896","9.75832806143865"
"RASS","44060","DL","3","PEBBLE","19.5","1.4562041322395","5.29274194217822","2.5061244680672","0.229374103856998","1.32450331125828","2.64948344206654","0.495672697591379","0.176951987174769","0.0278192065786225","3.34994308319372"
"RASS","44060","DL","4","PEBBLE","23.5","8.62209505084639","8.25945136007834","12.9548728557248","2.00211671406657","1.49509803921569","14.2649880132013","3.90089438786622","0.759447048162687","0.0907672873438828","19.0161755030076"
"RASS","44060","DL","5","PEBBLE","23.75","4.01931724463808","23.1898993044598","6.20652582349448","1.03442097058241","1.34210526315789","6.93792119449112","1.21084959281516","0.434992267819805","0.0693993905964485","8.65320404278108"
"RASS","44060","GR","1","COBBLE","26","18.2897056349523","78.0057375282546","49.629052888887","8.37220544386443","1.46905537459283","53.3304039781548","7.47889057345587","1.72752421383319","16.5821519279044","79.119442658287"
"RASS","44060","GR","2",NA,NA,"8.86948907287554","9.76195554723798","19.339660555037","13.6878114790391","1.47869674185464","26.8027901051576","12.9061375170111","1.41667821630552","1.40455315080579","42.530293240443"
"RASS","44060","GR","3","COBBLE","35.75","74.9342678814675","59.6151115651232","124.781523227057","12.1945579517351","1.66371681415929","134.126334814214","24.4669131682707","11.5358542622178","1.58990226994284","171.719806438803"
"RASS","44060","GR","4","COBBLE","28.75","104.998627229034","273.448942041747","282.26615296056","28.4041411784212","1.49388753056235","304.345199875229","52.7407455105617","30.5476299053364","1.69493999747264","389.33033044088"
"RASS","44060","GR","5","COBBLE","22.125","13.8745923455345","27.8860406982349","36.8059534726975","7.11417087257509","1.45657568238213","41.7875827937285","6.5556470279312","3.44523911667427","0.374370104785474","52.1630925391165"
"RASS","44067","DL","1","PEBBLE","21","6.70068348243765","20.2585030906766","12.394109128645","0.887479419088159","1.48292682926829","13.1321973250233","2.4941764919279","1.08694165066096","0.077001418821479","16.7903942529076"
"RASS","44067","DL","2","PEBBLE","21.875","9.98919461997196","19.0136299946541","13.9838350439182","1.76317920118969","1.4","15.3012325373449","2.47795029520161","1.36914519760727","0.150233433809234","19.2986540671154"
"RASS","44067","DL","3","PEBBLE","23","4.52366876824635","26.290672978995","9.03529009484948","1.03430294506829","1.4010152284264","9.83664757018134","1.50929908102991","0.828309729655304","0.0704424913347904","12.2447585375312"
"RASS","44067","DL","4","PEBBLE","30.25","3.65723492594467","26.2028649839981","7.28897091683902","1.00223350106536","1.43386243386243","8.01525938805331","1.43829777863706","0.662042850631109","0.0669585100395871","10.182606301515"
"RASS","44067","DL","5","PEBBLE","28.125","3.92222720912646","9.59275936789692","8.45864717231476","1.24699643880516","1.32421875","9.39054716465393","1.26475701771672","0.843021326278846","0.0740264717608921","11.5724097888412"
"RASS","44067","GR","1","COBBLE","26.875","22.1524090639932","36.8809843621006","30.9380683937955","4.35424666283049","1.45070422535211","33.992375443815","7.01881158580436","2.627481298478","0.321972207404094","43.9608393791463"
"RASS","44067","GR","2","COBBLE","29.75","137.427901662878","108.447140503001","196.146861853903","27.4605606595464","1.52898550724638","213.844220335734","46.9983343265719","15.7308803696909","0.488943366998328","277.063602786397"
"RASS","44067","GR","3","COBBLE","25.25","142.770098769343","171.585068657802","188.849237905346","31.0511727709751","1.51263537906137","208.734454650373","58.9830754535563","13.6828305061789","1.8935046913675","283.295014664816"
"RASS","44067","GR","4","COBBLE","32","82.4120892046801","150.434503621942","135.712546931009","18.4364214698728","1.5431654676259","147.729230750502","41.2914079296841","10.7055870668105","1.29935341201997","201.026394335788"
"RASS","44067","GR","5","COBBLE","27.25","37.2345953092372","65.2889028993647","60.2334247261421","8.11208220102075","1.41538461538462","65.4672104824499","15.1201742176226","4.39198780552593","0.306452193669053","85.2861976560171"
"RASS","44088","DL","1","PEBBLE","24.875","8.88170049140594","52.0075781035936","16.5145298647881","2.36708261395296","1.40928270042194","18.2424211396432","2.32631790927299","1.129715485356","0.128718492948621","21.8272857356227"
"RASS","44088","DL","2","PEBBLE","21.25","3.74907291061267","23.3959926767277","8.62196419476172","1.67367540251256","1.30434782608696","9.8265397811719","1.16183237462112","0.742039024479581","0.115661208777379","11.8461339338043"
"RASS","44088","DL","3","PEBBLE","27.25","1.71824563938371","16.4075089048461","4.35241350117137","0.496081538843188","1.4149377593361","4.76349475836646","0.439592887211095","0.354378061077252","0.04931753725249","5.60681356759686"
"RASS","44088","DL","4","PEBBLE","24.875","6.01583989171659","43.8946373037719","10.3106648597051","1.29579977290889","1.45077720207254","11.3225508371769","1.3599238840181","0.82898361252196","0.150326550434043","13.6618558554244"
"RASS","44088","DL","5","PEBBLE","24","13.2333732153222","80.7748507814921","32.402846741527","3.96655537698003","1.37748344370861","35.700298817026","2.41834229607119","2.3253457492917","0.493906972043609","40.9381260904049"
"RASS","44088","GR","1","COBBLE","26","7.80736506108043","20.3585991802532","26.2218009761802","4.23124515751998","1.27008547008547","29.2846332162701","3.63922974469403","1.74537155250444","0.194407825327265","34.8638235790273"
"RASS","44088","GR","2","COBBLE","20","106.977296382175","132.546844759114","256.759397520358","59.7244685536485","1.38582677165354","293.047187980696","94.1162421482825","13.3880590808232","3.99909416504826","404.552158243868"
"RASS","44088","GR","3","COBBLE","25.5","80.832291559455","67.6574877586635","189.232459875962","32.1274665211633","1.30116472545757","210.997415147156","44.6243435220658","10.9554679736788","-1.23156233312199","265.346864435742"
"RASS","44088","GR","4","COBBLE","32.125","23.1299696949119","20.6368153396187","39.0615262826644","5.69556332948346","1.29449152542373","43.0316666487627","7.37967799120572","2.39161352226687","0.307209141487831","53.110424755249"
"RASS","44088","GR","5","COBBLE","29.125","6.10984446389571","10.6514470630167","13.5543861638104","0.813263169828627","1.33806818181818","14.3729815232736","1.61684644830779","1.22179991110743","0.0765021448714839","17.2882195923913"
"RASS","44095","DL","1","PEBBLE","31.5","7.83464841822857","51.3736488398492","20.802814554402","2.89348238802137","1.46020761245675","23.0429752371779","1.73244026357264","1.91672968491541","0.191482931203664","26.8837761518796"
"RASS","44095","DL","2","PEBBLE","22.625","16.4424617600643","149.827534573553","40.0044757397684","7.71514889266962","1.40377358490566","45.2009433902563","9.44880612888196","2.39039661517065","0.504223652963822","57.5446342822014"
"RASS","44095","DL","3","PEBBLE","19.5","2.90735919806715","9.91225926184198","8.42517081774785","0.938988503352047","1.4306784660767","9.19688076661441","0.676964655147026","0.744741790522119","0.0885964148715837","10.7072428830096"
"RASS","44095","DL","4","PEBBLE","24.875","14.2558725238019","72.4020754908938","34.588477359957","4.15061728319484","1.39692307692308","37.9007932786522","3.2868007632615","2.62784337431535","0.311892202591132","44.1275710904374"
"RASS","44095","DL","5","PEBBLE","22.25","28.1919937903091","297.686329205602","65.7123405120341","10.0501226665464","1.31555555555556","73.3349256841576","7.90935098857258","5.19164262317574","0.930376135287434","87.3667587039178"
"RASS","44095","GR","1","COBBLE","31.75","22.0606966036859","28.0421192928802","72.7004662017954","9.59873342820578","1.27164179104478","80.1638521133465","7.27390861972276","7.18076327463914","0.428289473993583","95.0473208278276"
"RASS","44095","GR","2","COBBLE","28.875","57.2596498774486","366.508904136978","258.146747125952","41.6918419030851","1.25457570715474","287.735223368087","42.1511387927837","19.3921374831693","1.60491880168122","350.885168172604"
"RASS","44095","GR","3","COBBLE","34","25.7366483257453","194.72267275149","103.636356537631","11.5084558713299","1.22022471910112","112.467153970617","14.7740910848497","5.82943899068382","0.536939412588442","133.608314006711"
"RASS","44095","GR","4","COBBLE","29.25","3.46560219517634","25.6292239155219","9.33312890786624","1.1333085102409","1.30588235294118","10.1711719039175","1.03088557082468","0.684280357169095","0.0910777268819224","11.9774797628443"
"RASS","44095","GR","5","COBBLE","34.625","29.3831766301073","105.178670133892","84.1195296065058","10.421475056806","1.32622601279318","91.7723501954691","13.6877404748593","5.78126432305566","0.471997026027215","111.71390861555"
"RASS","44102","DL","1","PEBBLE","23.25","5.4573889003777","47.5566288500056","11.895933005274","1.8193779890419","1.44444444444444","13.3033479415686","1.11915962766035","1.06331138029692","0.167007996754412","15.6529123852352"
"RASS","44102","DL","2","PEBBLE","22.875","4.66194671327478","41.6590238313321","12.5931622160768","1.32993208450157","1.43840579710145","13.7781550215896","1.24904342082902","1.10093832955994","0.0828400770622615","16.2110641270736"
"RASS","44102","DL","3","PEBBLE","26.5","2.10105588481528","17.3178540241803","4.06294952872658","0.753611606134768","1.49700598802395","4.53507854834679","0.75914741781898","0.189784952324815","0.0633328272497079","5.54737123458572"
"RASS","44102","DL","4","PEBBLE","29.75","10.0429896956608","58.8209187480582","24.4061525077337","1.93215374019558","1.41967213114754","26.3474692194809","1.25633412297886","2.07059466950935","0.0128932127760893","29.6874618545255"
"RASS","44102","DL","5","PEBBLE","26.125","6.54335721963579","48.4925121790796","14.9070568923252","1.04068133021893","1.61940298507463","16.0150243435541","0.618176192513138","1.23047583800671","0.0584747241209866","17.9222559142617"
"RASS","44102","GR","1","COBBLE","27.25","25.4205105773764","51.7043018460805","90.5789154547406","14.1571490081113","1.27653631284916","101.107809089788","13.11207513871","7.38331494541571","0.928083956542535","122.531908852469"
"RASS","44102","GR","2","COBBLE","28.625","23.2850493503658","39.2570998673017","69.1012470114136","9.42289731973822","1.24917491749175","76.3144628656633","10.4472846258038","4.78292061619966","0.413621553807217","91.958756857025"
"RASS","44102","GR","3","COBBLE","32.875","39.6451579290532","273.16476338711","134.030279441931","15.328750349968","1.32372505543237","146.22313438172","20.4863340537211","7.27951053663557","0.948121853417619","174.937995168484"
"RASS","44102","GR","4","COBBLE","29.25","10.1422790451828","114.496030369433","55.21857944153","5.07170648131443","1.21443736730361","59.6025028184958","7.55099125012846","2.77921152811777","0.19987848923722","70.1329505014021"
"RASS","44102","GR","5","COBBLE","30","54.370443952746","835.836760655096","137.185976047608","29.5330920658045","1.33502538071066","157.278954568545","38.1217020196423","5.88015744774348","1.22414791495957","202.505853973727"
"RASS","44109","DL","1","PEBBLE","26.25","10.619906769632","110.502802905843","29.8073604125843","5.37701403521127","1.37956204379562","33.5262571171731","4.80142245727129","1.90228836101841","0.467707627148022","40.6978824213579"
"RASS","44109","DL","2","PEBBLE","26.875","8.63566391044793","63.9520746570322","22.874176719508","2.8592720899385","1.78767123287671","25.07528307931","1.82560698341062","1.50533179316299","0.21789213762748","28.6242753916948"
"RASS","44109","DL","3","PEBBLE","27.875","3.73543428488422","51.9773619163225","13.4081066148399","2.01785366876798","1.87265917602996","14.9221487011684","0.737266870291464","1.2538108587899","0.109983565677644","17.0233074479575"
"RASS","44109","DL","4","PEBBLE","25","7.44256787729421","113.573897755866","17.7790619754275","2.96317699590459","1.73863636363636","19.9963365966732","1.91409631437836","1.5453649049806","0.333911809642007","23.7898377576042"
"RASS","44109","DL","5","PEBBLE","25.75","23.6485328869661","178.609144124606","35.1577274226785","6.67996821030891","1.78306878306878","40.071820237329","3.42789347249764","2.47710926135553","0.786163654697977","46.763246217447"
"RASS","44109","GR","1","COBBLE","20.375","4.32063521045875","5.94306985116873","10.9195169625392","1.30090541590745","1.31828978622328","11.918780757285","1.52571709962254","0.954185885920119","0.0937300193704986","14.4924874778997"
"RASS","44109","GR","2","COBBLE","18.125","57.6688561291128","110.311039494232","114.035185816858","23.8437206707976","1.28888888888889","128.73635127874","31.7013642657867","6.88659082496836","1.71409988023726","169.039140728996"
"RASS","44109","GR","3","COBBLE","21.375","21.0988913890649","37.0053168173707","61.8127313122425","9.1979710230179","1.32427536231884","68.4115269960319","9.7718669476123","4.27667603230322","0.560630163431108","83.0211188482729"
"RASS","44109","GR","4","COBBLE","27.625","7.79462420873268","51.5965425902173","37.2797552889454","1.86398776444727","1.28214285714286","39.4435556118536","2.58179135121011","2.69532855135676","0.106082869730978","44.8270114536513"
"RASS","44109","GR","5","COBBLE","28.125","1.95180757668438","6.61693640672082","7.18409865379274","1.04751382605581","1.29025423728814","7.94027881299825","0.850535620590485","0.68126248505128","0.168805499464635","9.64093322523843"
"RASS","44116","DL","1","PEBBLE","29","9.86334997776441","98.5144637605234","16.3223471059802","1.35506277860968","1.31851851851852","17.5181069603334","2.19025920559833","1.09389369050151","0.123042191730855","20.9254104716414"
"RASS","44116","DL","2","PEBBLE","29","5.06517146363247","26.3869406682514","11.6253245313508","1.14781685246248","1.56650246305419","12.6454518570782","0.838217148693841","0.921495874432789","0.148655124097849","14.5539021250704"
"RASS","44116","DL","3","PEBBLE","29","4.51049534841551","43.7895704804941","12.1302432563715","1.24334993377808","1.46116504854369","13.231350754796","0.773165009039786","1.05754765859597","0.14716835904302","15.2093181015579"
"RASS","44116","DL","4","PEBBLE","29","11.4850121157025","68.3505057597595","20.6178466426078","2.79486365599795","1.45762711864407","22.8379185395847","2.23291622341218","1.4774759200146","0.162651043287246","26.7111058710443"
"RASS","44116","DL","5","PEBBLE","29","7.64246415865093","111.628661464989","19.7931016744738","2.92937904782211","1.57575757575758","22.0912058139544","1.75739712693596","1.49461985658545","0.280138859909165","25.6235039898015"
"RASS","44123","DL","2","PEBBLE","32.25","4.82257536958819","63.2028773761527","14.0043799147343","2.55942115683075","1.15021459227468","15.7102434905999","1.87647356648374","1.09085009966685","0.315408731622188","18.9930753641437"
"RASS","44123","DL","3","PEBBLE","35.25","5.77350120498747","65.3036582828758","17.0765872732206","1.38510096771678","1.53275109170306","18.3972676504466","1.10650884695543","0.994611364282579","0.311736902576175","20.8102455724105"
"RASS","44123","DL","4","PEBBLE","35.25","6.11276627803144","54.8515416432923","11.8157226319395","1.16339422837557","1.31736526946108","12.587424463622","1.95299223321303","0.901123992987145","0.167059544107176","15.6086771671853"
"RASS","44123","DL","5","PEBBLE","24.625","4.46298531985856","27.1938908593679","9.7446773959957","1.02575551536797","1.42051282051282","10.5187539991267","0.750551457444272","0.944079732456793","0.135418936933354","12.3488723175731"
"RASS","44123","GR","1","COBBLE","24.75","7.78815470979043","19.1760211697562","45.3742376564356","2.7312647909699","0.423423423423423","48.0935136347966","4.26433083476296","5.13595859424629","0.173508625328968","57.6676158229654"
"RASS","44123","GR","2","COBBLE","32.375","7.91621115951377","22.3627220545698","30.350197597501","4.42368446114519","1.16100178890877","33.4050481476218","4.65999767111877","2.34801222795898","0.376674026814806","40.7899379684313"
"RASS","44123","GR","3","COBBLE","24.625","4.0697214171853","14.6564749533392","23.8626383640079","10.0146414017623","1.20982735723772","29.8066814907186","7.33943767213328","2.56298332238118","0.996142667372888","40.7054206686049"
"RASS","44123","GR","5","COBBLE","17.375","4.23445282567281","9.06179642089091","9.2196260950979","1.31336183052809","1.2841726618705","9.95104781075608","2.90664235055686","0.475394829459993","0.131319243594222","13.4644589618487"
"LTREB","44047","GC ","1",NA,NA,NA,NA,NA,NA,"1.39622641509434",NA,NA,NA,NA,NA
"DRONE","44740","GR","1","COBBLE","22.125",NA,NA,NA,NA,NA,NA,NA,NA,NA,NA
"DRONE","44740","GR","2","COBBLE","42",NA,NA,NA,NA,NA,NA,NA,NA,NA,NA
"DRONE","44740","GR","3","COBBLE","55",NA,NA,NA,NA,NA,NA,NA,NA,NA,NA
"DRONE","44740","GR","4","COBBLE","28.5",NA,NA,NA,NA,NA,NA,NA,NA,NA,NA
"DRONE","44740","GR","5","COBBLE","20.25",NA,NA,NA,NA,NA,NA,NA,NA,NA,NA
"DRONE","44740","GR","6","COBBLE","27.5",NA,NA,NA,NA,NA,NA,NA,NA,NA,NA
"DRONE","44740","GR","7","COBBLE","18.5",NA,NA,NA,NA,NA,NA,NA,NA,NA,NA
"DRONE","44740","GR","8","COBBLE","23.5",NA,NA,NA,NA,NA,NA,NA,NA,NA,NA
"DRONE","44740","GR","9","COBBLE","14.25",NA,NA,NA,NA,NA,NA,NA,NA,NA,NA
"DRONE","44740","GR","10","COBBLE","22.5",NA,NA,NA,NA,NA,NA,NA,NA,NA,NA
"DRONE","44740","GR","11","COBBLE","23.25",NA,NA,NA,NA,NA,NA,NA,NA,NA,NA
"DRONE","44740","GR","12","COBBLE","21.75",NA,NA,NA,NA,NA,NA,NA,NA,NA,NA
"DRONE","44740","GR","13","COBBLE","34.75",NA,NA,NA,NA,NA,NA,NA,NA,NA,NA
"DRONE","44740","GR","14","COBBLE","20",NA,NA,NA,NA,NA,NA,NA,NA,NA,NA
"DRONE","44740","GR","15","COBBLE","26.25",NA,NA,NA,NA,NA,NA,NA,NA,NA,NA
"DRONE","44740","GR","16","COBBLE","42",NA,NA,NA,NA,NA,NA,NA,NA,NA,NA
"DRONE","44740","GR","17","COBBLE","37.5",NA,NA,NA,NA,NA,NA,NA,NA,NA,NA
"DRONE","44740","GR","18","COBBLE","17.5",NA,NA,NA,NA,NA,NA,NA,NA,NA,NA
"DRONE","44740","GR","19","COBBLE","49",NA,NA,NA,NA,NA,NA,NA,NA,NA,NA
"DRONE","44740","GR","20","COBBLE","33.25",NA,NA,NA,NA,NA,NA,NA,NA,NA,NA
"DRONE","44740","GR","21","COBBLE","45",NA,NA,NA,NA,NA,NA,NA,NA,NA,NA
"DRONE","44741","DL","1","COBBLE","32",NA,NA,NA,NA,NA,NA,NA,NA,NA,NA
"DRONE","44741","DL","2","COBBLE","22.25",NA,NA,NA,NA,NA,NA,NA,NA,NA,NA
"DRONE","44741","DL","3","COBBLE","26.25",NA,NA,NA,NA,NA,NA,NA,NA,NA,NA
"DRONE","44741","DL","4","COBBLE","18.25",NA,NA,NA,NA,NA,NA,NA,NA,NA,NA
"DRONE","44741","DL","5","COBBLE","42",NA,NA,NA,NA,NA,NA,NA,NA,NA,NA
"DRONE","44741","DL","6","COBBLE","21.5",NA,NA,NA,NA,NA,NA,NA,NA,NA,NA
"DRONE","44741","DL","7","COBBLE","29",NA,NA,NA,NA,NA,NA,NA,NA,NA,NA
"DRONE","44741","DL","8","COBBLE","17.75",NA,NA,NA,NA,NA,NA,NA,NA,NA,NA
"DRONE","44741","DL","9","COBBLE","33",NA,NA,NA,NA,NA,NA,NA,NA,NA,NA
"DRONE","44741","DL","10","COBBLE","25.5",NA,NA,NA,NA,NA,NA,NA,NA,NA,NA
"DRONE","44741","DL","11","COBBLE","27",NA,NA,NA,NA,NA,NA,NA,NA,NA,NA
"DRONE","44741","DL","12","COBBLE","34.25",NA,NA,NA,NA,NA,NA,NA,NA,NA,NA
"DRONE","44741","DL","13","COBBLE","36.25",NA,NA,NA,NA,NA,NA,NA,NA,NA,NA
"DRONE","44741","DL","14","COBBLE","32.25",NA,NA,NA,NA,NA,NA,NA,NA,NA,NA
"DRONE","44741","DL","15","COBBLE","17.25",NA,NA,NA,NA,NA,NA,NA,NA,NA,NA
"DRONE","44741","DL","16","COBBLE","31.25",NA,NA,NA,NA,NA,NA,NA,NA,NA,NA
"DRONE","44741","DL","17","COBBLE","23.75",NA,NA,NA,NA,NA,NA,NA,NA,NA,NA
"DRONE","44741","DL","18","COBBLE","32.25",NA,NA,NA,NA,NA,NA,NA,NA,NA,NA
"DRONE","44741","DL","19","COBBLE","30.75",NA,NA,NA,NA,NA,NA,NA,NA,NA,NA
"DRONE","44741","DL","20","COBBLE","9.5",NA,NA,NA,NA,NA,NA,NA,NA,NA,NA
"DRONE","44741","DL","21","COBBLE","20.25",NA,NA,NA,NA,NA,NA,NA,NA,NA,NA
"LTREB","44397","WS","2","COBBLE","16.5",NA,NA,NA,NA,NA,NA,NA,NA,NA,NA
"LTREB","44397","WS","4","COBBLE","25.875",NA,NA,NA,NA,NA,NA,NA,NA,NA,NA
"LTREB","44397","WS","5","COBBLE","33.125",NA,NA,NA,NA,NA,NA,NA,NA,NA,NA
"LTREB","44397","DL","1","COBBLE","34.25",NA,NA,NA,NA,NA,NA,NA,NA,NA,NA
"LTREB","44397","DL","2","COBBLE","20.375",NA,NA,NA,NA,NA,NA,NA,NA,NA,NA
"LTREB","44397","DL","3","COBBLE","6.375",NA,NA,NA,NA,NA,NA,NA,NA,NA,NA
"LTREB","44397","DL","4","COBBLE","26.25",NA,NA,NA,NA,NA,NA,NA,NA,NA,NA
"LTREB","44397","DL","5","COBBLE","35.125",NA,NA,NA,NA,NA,NA,NA,NA,NA,NA
"LTREB","44397","GR","1","COBBLE","37.5",NA,NA,NA,NA,NA,NA,NA,NA,NA,NA
"LTREB","44397","GR","2","COBBLE","32.75",NA,NA,NA,NA,NA,NA,NA,NA,NA,NA
"LTREB","44397","GR","3","COBBLE","34.75",NA,NA,NA,NA,NA,NA,NA,NA,NA,NA
"LTREB","44397","GR","4","COBBLE","36",NA,NA,NA,NA,NA,NA,NA,NA,NA,NA
"LTREB","44397","GR","5","COBBLE","33",NA,NA,NA,NA,NA,NA,NA,NA,NA,NA
"LTREB","44397","GC","1","COBBLE","26.25",NA,NA,NA,NA,NA,NA,NA,NA,NA,NA
"LTREB","44397","GC","2","COBBLE","33.5",NA,NA,NA,NA,NA,NA,NA,NA,NA,NA
"LTREB","44411","WS","4","COBBLE","11",NA,NA,NA,NA,NA,NA,NA,NA,NA,NA
"LTREB","44411","WS","5","COBBLE","16.125",NA,NA,NA,NA,NA,NA,NA,NA,NA,NA
"LTREB","44411","DL","1","COBBLE","3.4375",NA,NA,NA,NA,NA,NA,NA,NA,NA,NA
"LTREB","44411","DL","2","COBBLE","5.75",NA,NA,NA,NA,NA,NA,NA,NA,NA,NA
"LTREB","44411","DL","3","COBBLE","3.6875",NA,NA,NA,NA,NA,NA,NA,NA,NA,NA
"LTREB","44411","DL","4","COBBLE","3.4375",NA,NA,NA,NA,NA,NA,NA,NA,NA,NA
"LTREB","44411","DL","5","COBBLE","8.625",NA,NA,NA,NA,NA,NA,NA,NA,NA,NA
"LTREB","44411","GR","1","COBBLE","15.9375",NA,NA,NA,NA,NA,NA,NA,NA,NA,NA
"LTREB","44411","GR","3","SAND","9.6875",NA,NA,NA,NA,NA,NA,NA,NA,NA,NA
"LTREB","44411","GR","4","COBBLE","15.5625",NA,NA,NA,NA,NA,NA,NA,NA,NA,NA
"LTREB","44411","GR","5","COBBLE","8.625",NA,NA,NA,NA,NA,NA,NA,NA,NA,NA
"LTREB","44411","GC","1","COBBLE","24.875",NA,NA,NA,NA,NA,NA,NA,NA,NA,NA
"LTREB","44411","GC","4","COBBLE","36.375",NA,NA,NA,NA,NA,NA,NA,NA,NA,NA
"LTREB","44411","GC","5","COBBLE","27.625",NA,NA,NA,NA,NA,NA,NA,NA,NA,NA
"LTREB","44411","BG","3","COBBLE","18.5",NA,NA,NA,NA,NA,NA,NA,NA,NA,NA
"LTREB","44411","BG","5","COBBLE","26",NA,NA,NA,NA,NA,NA,NA,NA,NA,NA
"LTREB","44411","BN","4","COBBLE","33.5",NA,NA,NA,NA,NA,NA,NA,NA,NA,NA
"LTREB","44033","WS","1","COBBLE","33.5",NA,NA,NA,NA,NA,NA,NA,NA,NA,NA
"LTREB","44033","WS","3","PEBBLE","18",NA,NA,NA,NA,NA,NA,NA,NA,NA,NA
"LTREB","44033","WS","4","PEBBLE","31",NA,NA,NA,NA,NA,NA,NA,NA,NA,NA
"LTREB","44033","WS","5","SAND","17.75",NA,NA,NA,NA,NA,NA,NA,NA,NA,NA
"LTREB","44033","CR","4","COBBLE","37.25",NA,NA,NA,NA,NA,NA,NA,NA,NA,NA
"LTREB","44033","BG","2","COBBLE","22.75",NA,NA,NA,NA,NA,NA,NA,NA,NA,NA
"LTREB","44033","BG","3","COBBLE","10",NA,NA,NA,NA,NA,NA,NA,NA,NA,NA
"LTREB","44033","BG","4","COBBLE","28.25",NA,NA,NA,NA,NA,NA,NA,NA,NA,NA
"LTREB","44047","BG","2","COBBLE","55.75",NA,NA,NA,NA,NA,NA,NA,NA,NA,NA
"LTREB","44047","BG","3","SAND","32.25",NA,NA,NA,NA,NA,NA,NA,NA,NA,NA
"LTREB","44047","WS","2","PEBBLE","27.375",NA,NA,NA,NA,NA,NA,NA,NA,NA,NA
"LTREB","44047","WS","4","PEBBLE","38.875",NA,NA,NA,NA,NA,NA,NA,NA,NA,NA
"LTREB","44047","WS","5","SAND","7.375",NA,NA,NA,NA,NA,NA,NA,NA,NA,NA
"LTREB","44061","BG","1","COBBLE","21.5",NA,NA,NA,NA,NA,NA,NA,NA,NA,NA
"LTREB","44061","BG","2","COBBLE","28.5",NA,NA,NA,NA,NA,NA,NA,NA,NA,NA
"LTREB","44061","BG","3","COBBLE","28.5",NA,NA,NA,NA,NA,NA,NA,NA,NA,NA
"LTREB","44061","BG","4","COBBLE","32.25",NA,NA,NA,NA,NA,NA,NA,NA,NA,NA
"LTREB","44061","BG","5","COBBLE","27",NA,NA,NA,NA,NA,NA,NA,NA,NA,NA
"LTREB","44061","BN","1","COBBLE","10.75",NA,NA,NA,NA,NA,NA,NA,NA,NA,NA
"LTREB","44061","BN","2","COBBLE","34",NA,NA,NA,NA,NA,NA,NA,NA,NA,NA
"LTREB","44061","BN","3","COBBLE","40",NA,NA,NA,NA,NA,NA,NA,NA,NA,NA
"LTREB","44061","BN","4","COBBLE","20",NA,NA,NA,NA,NA,NA,NA,NA,NA,NA
"LTREB","44061","BN","5","COBBLE","33.75",NA,NA,NA,NA,NA,NA,NA,NA,NA,NA
"LTREB","44061","WS","1","PEBBLE","36",NA,NA,NA,NA,NA,NA,NA,NA,NA,NA
"LTREB","44061","WS","5","PEBBLE","28.25",NA,NA,NA,NA,NA,NA,NA,NA,NA,NA
"LTREB","44075","WS","3","COBBLE","24.25",NA,NA,NA,NA,NA,NA,NA,NA,NA,NA
"LTREB","44075","WS","4","COBBLE","27.25",NA,NA,NA,NA,NA,NA,NA,NA,NA,NA
"LTREB","44075","WS","5","COBBLE","30.5",NA,NA,NA,NA,NA,NA,NA,NA,NA,NA
"LTREB","44075","GC","2","COBBLE","22",NA,NA,NA,NA,NA,NA,NA,NA,NA,NA
"LTREB","44075","BG","1","COBBLE","21",NA,NA,NA,NA,NA,NA,NA,NA,NA,NA
"LTREB","44075","BG","2","COBBLE","33.75",NA,NA,NA,NA,NA,NA,NA,NA,NA,NA
"LTREB","44075","BG","3","COBBLE","28.5",NA,NA,NA,NA,NA,NA,NA,NA,NA,NA
"LTREB","44075","BG","4","COBBLE","34",NA,NA,NA,NA,NA,NA,NA,NA,NA,NA
"LTREB","44075","BG","5","COBBLE","29.75",NA,NA,NA,NA,NA,NA,NA,NA,NA,NA
"LTREB","44103","WS","1","COBBLE","33.5",NA,NA,NA,NA,NA,NA,NA,NA,NA,NA
"LTREB","44103","WS","3","COBBLE","23.5",NA,NA,NA,NA,NA,NA,NA,NA,NA,NA
"LTREB","44103","WS","4","COBBLE","29.5",NA,NA,NA,NA,NA,NA,NA,NA,NA,NA
"LTREB","44103","BG","2","COBBLE","24.75",NA,NA,NA,NA,NA,NA,NA,NA,NA,NA
"LTREB","44103","BG","3","COBBLE","31.5",NA,NA,NA,NA,NA,NA,NA,NA,NA,NA
"LTREB","44103","BG","4","COBBLE","34.75",NA,NA,NA,NA,NA,NA,NA,NA,NA,NA
"LTREB","44103","BG","5","COBBLE","12.25",NA,NA,NA,NA,NA,NA,NA,NA,NA,NA
"LTREB","44124","WS","1","COBBLE","17.25",NA,NA,NA,NA,NA,NA,NA,NA,NA,NA
"LTREB","44124","WS","2","COBBLE","26.75",NA,NA,NA,NA,NA,NA,NA,NA,NA,NA
"LTREB","44124","WS","3","COBBLE","17",NA,NA,NA,NA,NA,NA,NA,NA,NA,NA
"LTREB","44124","WS","4","COBBLE","18.25",NA,NA,NA,NA,NA,NA,NA,NA,NA,NA
"LTREB","44124","WS","5","COBBLE","13.625",NA,NA,NA,NA,NA,NA,NA,NA,NA,NA
"LTREB","44124","CR","3","COBBLE","30.5",NA,NA,NA,NA,NA,NA,NA,NA,NA,NA
"LTREB","44124","GC","3","COBBLE","40",NA,NA,NA,NA,NA,NA,NA,NA,NA,NA
"LTREB","44124","GC","4","COBBLE","30",NA,NA,NA,NA,NA,NA,NA,NA,NA,NA
"LTREB","44124","GC","5","COBBLE","35",NA,NA,NA,NA,NA,NA,NA,NA,NA,NA
"LTREB","44124","BG","1","COBBLE","30",NA,NA,NA,NA,NA,NA,NA,NA,NA,NA
"LTREB","44124","BG","2","COBBLE","45",NA,NA,NA,NA,NA,NA,NA,NA,NA,NA
"LTREB","44124","BG","3","COBBLE","40",NA,NA,NA,NA,NA,NA,NA,NA,NA,NA
"LTREB","44124","BG","4","COBBLE","20",NA,NA,NA,NA,NA,NA,NA,NA,NA,NA
"LTREB","44124","BN","2","COBBLE","15",NA,NA,NA,NA,NA,NA,NA,NA,NA,NA
"LTREB","44124","BN","4","COBBLE","30",NA,NA,NA,NA,NA,NA,NA,NA,NA,NA
"LTREB","44124","BN","5","COBBLE","40",NA,NA,NA,NA,NA,NA,NA,NA,NA,NA
"LTREB","44369","WS","1","COBBLE","25.25",NA,NA,NA,NA,NA,NA,NA,NA,NA,NA
"LTREB","44369","WS","2","COBBLE","32.75",NA,NA,NA,NA,NA,NA,NA,NA,NA,NA
"LTREB","44369","WS","3","COBBLE","29.25",NA,NA,NA,NA,NA,NA,NA,NA,NA,NA
"LTREB","44369","WS","4","COBBLE","32.625",NA,NA,NA,NA,NA,NA,NA,NA,NA,NA
"LTREB","44369","WS","5","COBBLE","14.5",NA,NA,NA,NA,NA,NA,NA,NA,NA,NA
"LTREB","44369","DL","1","COBBLE","14.625",NA,NA,NA,NA,NA,NA,NA,NA,NA,NA
"LTREB","44369","DL","2","COBBLE","17",NA,NA,NA,NA,NA,NA,NA,NA,NA,NA
"LTREB","44369","DL","3","COBBLE","24.375",NA,NA,NA,NA,NA,NA,NA,NA,NA,NA
"LTREB","44369","DL","4","COBBLE","16.75",NA,NA,NA,NA,NA,NA,NA,NA,NA,NA
"LTREB","44369","DL","5","COBBLE","17",NA,NA,NA,NA,NA,NA,NA,NA,NA,NA
"LTREB","44369","GR","1","COBBLE","22.25",NA,NA,NA,NA,NA,NA,NA,NA,NA,NA
"LTREB","44369","GR","2","COBBLE","33",NA,NA,NA,NA,NA,NA,NA,NA,NA,NA
"LTREB","44369","GR","3","COBBLE","31.5",NA,NA,NA,NA,NA,NA,NA,NA,NA,NA
"LTREB","44369","GR","4","COBBLE","18.25",NA,NA,NA,NA,NA,NA,NA,NA,NA,NA
"LTREB","44369","GR","5","COBBLE","36.25",NA,NA,NA,NA,NA,NA,NA,NA,NA,NA
"LTREB","44369","GC","2","COBBLE","9.8125",NA,NA,NA,NA,NA,NA,NA,NA,NA,NA
"LTREB","44369","GC","3","COBBLE","14.8125",NA,NA,NA,NA,NA,NA,NA,NA,NA,NA
"LTREB","44369","GC","4","COBBLE","9",NA,NA,NA,NA,NA,NA,NA,NA,NA,NA
"LTREB","44369","GC","5","COBBLE","14.25",NA,NA,NA,NA,NA,NA,NA,NA,NA,NA
"LTREB","44384","WS","1","COBBLE","30.75",NA,NA,NA,NA,NA,NA,NA,NA,NA,NA
"LTREB","44384","WS","2","COBBLE","27.75",NA,NA,NA,NA,NA,NA,NA,NA,NA,NA
"LTREB","44384","WS","3","GRAVEL","37.125",NA,NA,NA,NA,NA,NA,NA,NA,NA,NA
"LTREB","44384","WS","4","COBBLE","33.25",NA,NA,NA,NA,NA,NA,NA,NA,NA,NA
"LTREB","44384","WS","5","COBBLE","36.75",NA,NA,NA,NA,NA,NA,NA,NA,NA,NA
"LTREB","44384","DL","1","COBBLE","8.5",NA,NA,NA,NA,NA,NA,NA,NA,NA,NA
"LTREB","44384","DL","2","COBBLE","31.5",NA,NA,NA,NA,NA,NA,NA,NA,NA,NA
"LTREB","44384","DL","3","COBBLE","29.5",NA,NA,NA,NA,NA,NA,NA,NA,NA,NA
"LTREB","44384","DL","4","COBBLE","11",NA,NA,NA,NA,NA,NA,NA,NA,NA,NA
"LTREB","44384","DL","5","COBBLE","16.5",NA,NA,NA,NA,NA,NA,NA,NA,NA,NA
"LTREB","44384","GR","1","COBBLE","12.125",NA,NA,NA,NA,NA,NA,NA,NA,NA,NA
"LTREB","44384","GR","2","COBBLE","22.75",NA,NA,NA,NA,NA,NA,NA,NA,NA,NA
"LTREB","44384","GR","3","COBBLE","23.25",NA,NA,NA,NA,NA,NA,NA,NA,NA,NA
"LTREB","44384","GR","4","COBBLE","28.75",NA,NA,NA,NA,NA,NA,NA,NA,NA,NA
"LTREB","44384","GR","5","COBBLE","37.25",NA,NA,NA,NA,NA,NA,NA,NA,NA,NA
"LTREB","44384","GC","1","COBBLE","6.625",NA,NA,NA,NA,NA,NA,NA,NA,NA,NA
"LTREB","44384","GC","5","COBBLE","9.625",NA,NA,NA,NA,NA,NA,NA,NA,NA,NA
"LTREB","44425","WS","1","COBBLE","27.625",NA,NA,NA,NA,NA,NA,NA,NA,NA,NA
"LTREB","44425","WS","2","COBBLE","12.25",NA,NA,NA,NA,NA,NA,NA,NA,NA,NA
"LTREB","44425","WS","3","COBBLE","33.625",NA,NA,NA,NA,NA,NA,NA,NA,NA,NA
"LTREB","44425","WS","4","COBBLE","39",NA,NA,NA,NA,NA,NA,NA,NA,NA,NA
"LTREB","44425","DL","1","COBBLE","9.375",NA,NA,NA,NA,NA,NA,NA,NA,NA,NA
"LTREB","44425","DL","2","COBBLE","20.625",NA,NA,NA,NA,NA,NA,NA,NA,NA,NA
"LTREB","44425","DL","3","COBBLE","21",NA,NA,NA,NA,NA,NA,NA,NA,NA,NA
"LTREB","44425","DL","4","COBBLE","36.125",NA,NA,NA,NA,NA,NA,NA,NA,NA,NA
"LTREB","44425","DL","5","COBBLE","37.625",NA,NA,NA,NA,NA,NA,NA,NA,NA,NA
"LTREB","44425","GR","1","COBBLE","25.75",NA,NA,NA,NA,NA,NA,NA,NA,NA,NA
"LTREB","44425","GR","2","COBBLE","36.7",NA,NA,NA,NA,NA,NA,NA,NA,NA,NA
"LTREB","44425","GR","3","COBBLE","11.5",NA,NA,NA,NA,NA,NA,NA,NA,NA,NA
"LTREB","44425","GR","4","COBBLE","25.25",NA,NA,NA,NA,NA,NA,NA,NA,NA,NA
"LTREB","44425","GR","5","COBBLE","17.125",NA,NA,NA,NA,NA,NA,NA,NA,NA,NA
"LTREB","44425","GC","1","COBBLE","22.86",NA,NA,NA,NA,NA,NA,NA,NA,NA,NA
"LTREB","44461","DL","1","COBBLE","16",NA,NA,NA,NA,NA,NA,NA,NA,NA,NA
"LTREB","44461","DL","2","COBBLE","13.875",NA,NA,NA,NA,NA,NA,NA,NA,NA,NA
"LTREB","44461","DL","3","COBBLE","24.25",NA,NA,NA,NA,NA,NA,NA,NA,NA,NA
"LTREB","44461","DL","4","COBBLE","27.375",NA,NA,NA,NA,NA,NA,NA,NA,NA,NA
"LTREB","44461","DL","5","COBBLE","22",NA,NA,NA,NA,NA,NA,NA,NA,NA,NA
"LTREB","44461","GR","1","COBBLE","29.5",NA,NA,NA,NA,NA,NA,NA,NA,NA,NA
"LTREB","44461","GR","4","COBBLE","21.25",NA,NA,NA,NA,NA,NA,NA,NA,NA,NA
"LTREB","44461","BG","1","COBBLE","8.75",NA,NA,NA,NA,NA,NA,NA,NA,NA,NA
"LTREB","44461","BG","2","COBBLE","12.5",NA,NA,NA,NA,NA,NA,NA,NA,NA,NA
"LTREB","44461","BG","4","COBBLE","29.25",NA,NA,NA,NA,NA,NA,NA,NA,NA,NA
"LTREB","44461","BG","5","COBBLE","29",NA,NA,NA,NA,NA,NA,NA,NA,NA,NA
"LTREB","44482","DL","1","COBBLE","18.5",NA,NA,NA,NA,NA,NA,NA,NA,NA,NA
"LTREB","44482","DL","2","COBBLE","16",NA,NA,NA,NA,NA,NA,NA,NA,NA,NA
"LTREB","44482","DL","3","COBBLE","12.5",NA,NA,NA,NA,NA,NA,NA,NA,NA,NA
"LTREB","44482","DL","4","COBBLE","21",NA,NA,NA,NA,NA,NA,NA,NA,NA,NA
"LTREB","44482","DL","5","COBBLE","17.75",NA,NA,NA,NA,NA,NA,NA,NA,NA,NA
"LTREB","44482","GR","1","COBBLE","30.25",NA,NA,NA,NA,NA,NA,NA,NA,NA,NA
"LTREB","44482","GR","3","COBBLE","36.5",NA,NA,NA,NA,NA,NA,NA,NA,NA,NA
"LTREB","44482","GR","5","COBBLE","27.25",NA,NA,NA,NA,NA,NA,NA,NA,NA,NA
"LTREB","44482","GC","1","COBBLE","18.75",NA,NA,NA,NA,NA,NA,NA,NA,NA,NA
"LTREB","44482","GC","2","COBBLE","32.25",NA,NA,NA,NA,NA,NA,NA,NA,NA,NA
"LTREB","44482","BN","2","COBBLE","35.25",NA,NA,NA,NA,NA,NA,NA,NA,NA,NA
"LTREB","44482","BN","3","COBBLE","38.5",NA,NA,NA,NA,NA,NA,NA,NA,NA,NA
"NFAS","44025","BN","1","COBBLE","33.3375",NA,NA,NA,NA,NA,NA,NA,NA,NA,NA
"NFAS","44025","BN","5","COBBLE","32.7025",NA,NA,NA,NA,NA,NA,NA,NA,NA,NA
"NFAS","44032","BN","4","COBBLE","24.5",NA,NA,NA,NA,NA,NA,NA,NA,NA,NA
"NFAS","44039","BN","1","COBBLE","35.72",NA,NA,NA,NA,NA,NA,NA,NA,NA,NA
"NFAS","44039","BN","2","COBBLE","32.0675",NA,NA,NA,NA,NA,NA,NA,NA,NA,NA
"NFAS","44039","BN","4","COBBLE","25.0825",NA,NA,NA,NA,NA,NA,NA,NA,NA,NA
"NFAS","44039","BN","5","COBBLE","21.9075",NA,NA,NA,NA,NA,NA,NA,NA,NA,NA
"NFAS","44046","BN","1","COBBLE","29.75",NA,NA,NA,NA,NA,NA,NA,NA,NA,NA
"NFAS","44046","BN","2","COBBLE","34.75",NA,NA,NA,NA,NA,NA,NA,NA,NA,NA
"NFAS","44046","BN","3","COBBLE","30.75",NA,NA,NA,NA,NA,NA,NA,NA,NA,NA
"NFAS","44046","BN","5","COBBLE","24",NA,NA,NA,NA,NA,NA,NA,NA,NA,NA
"NFAS","44053","BN","1","COBBLE","22.75",NA,NA,NA,NA,NA,NA,NA,NA,NA,NA
"NFAS","44053","BN","2","COBBLE","26.5",NA,NA,NA,NA,NA,NA,NA,NA,NA,NA
"NFAS","44053","BN","3","COBBLE","26.375",NA,NA,NA,NA,NA,NA,NA,NA,NA,NA
"NFAS","44053","BN","4","COBBLE","20.5",NA,NA,NA,NA,NA,NA,NA,NA,NA,NA
"NFAS","44053","BN","5","COBBLE","22.25",NA,NA,NA,NA,NA,NA,NA,NA,NA,NA
"NFAS","44067","BN","1","COBBLE","18",NA,NA,NA,NA,NA,NA,NA,NA,NA,NA
"NFAS","44067","BN","2","COBBLE","23",NA,NA,NA,NA,NA,NA,NA,NA,NA,NA
"NFAS","44067","BN","3","COBBLE","21",NA,NA,NA,NA,NA,NA,NA,NA,NA,NA
"NFAS","44067","BN","4","COBBLE","19.75",NA,NA,NA,NA,NA,NA,NA,NA,NA,NA
"NFAS","44067","BN","5","COBBLE","24.75",NA,NA,NA,NA,NA,NA,NA,NA,NA,NA
"NFAS","44076","BN","1","COBBLE","20.625",NA,NA,NA,NA,NA,NA,NA,NA,NA,NA
"NFAS","44076","BN","2","COBBLE","29",NA,NA,NA,NA,NA,NA,NA,NA,NA,NA
"NFAS","44076","BN","3","COBBLE","25",NA,NA,NA,NA,NA,NA,NA,NA,NA,NA
"NFAS","44076","BN","4","COBBLE","23.25",NA,NA,NA,NA,NA,NA,NA,NA,NA,NA
"NFAS","44076","BN","5","COBBLE","25.5",NA,NA,NA,NA,NA,NA,NA,NA,NA,NA
"NFAS","44111","BN","1","COBBLE","31.875",NA,NA,NA,NA,NA,NA,NA,NA,NA,NA
"NFAS","44111","BN","2","COBBLE","33.25",NA,NA,NA,NA,NA,NA,NA,NA,NA,NA
"NFAS","44111","BN","3","COBBLE","34.25",NA,NA,NA,NA,NA,NA,NA,NA,NA,NA
"NFAS","44111","BN","4","COBBLE","32.75",NA,NA,NA,NA,NA,NA,NA,NA,NA,NA
"NFAS","44111","BN","5","COBBLE","29.625",NA,NA,NA,NA,NA,NA,NA,NA,NA,NA
"RASS","44032","DL","4","PEBBLE","16.125",NA,NA,NA,NA,NA,NA,NA,NA,NA,NA
"RASS","44039","DL","4","PEBBLE","29.75",NA,NA,NA,NA,NA,NA,NA,NA,NA,NA
"RASS","44046","DL","5","PEBBLE","30.625",NA,NA,NA,NA,NA,NA,NA,NA,NA,NA
"RASS","44123","DL","1","PEBBLE","31.875",NA,NA,NA,NA,NA,NA,NA,NA,NA,NA
"RASS","44123","GR","4","COBBLE","21.125",NA,NA,NA,NA,NA,NA,NA,NA,NA,NA
