"","PROJECT","DATE","SITE","SAMPLE","SUBSTRATE","AVERAGE.DEPTH","CPOM.OM.AREA.g.m2","CPOM.ASH.AREA.g.m2","EPIL.OM.AREA.g.m2","EPIL.ASH.AREA.g.m2","EPIL.CHLA.MG.M2.HAUER","EPIL.PHAEO.MG.M2.HAUER","EPIL.640.664","PHICOCYANIN.MG.M2","EPIL.CHLA.MG.M2.RITCHIE","EPIL.CHLB.MG.M2.RITCHIE","EPIL.CHLC.MG.M2.RITCHIE","EPIL.CHLD.MG.M2.RITCHIE","EPIL.CHL.TOTAL.MG.M2.RITCHIE","EPIP.OM.AREA.g.m2","EPIP.ASH.AREA.g.m2","EPIP.CHLA.MG.M2.HAUER","EPIP.PHAEO.MG.M2.HAUER","EPIP.640.664","EPIP.PHICOCYANIN.MG.M2","EPIP.CHLA.MG.M2.RITCHIE","EPIP.CHLB.MG.M2.RITCHIE","EPIP.CHLC.MG.M2.RITCHIE","EPIP.CHLD.MG.M2.RITCHIE","EPIP.CHL.TOTAL.MG.M2.RITCHIE","FBOM.AREA.g.m2","FBOM.ASH.AREA.g.m2","FBOM.CHLA.MG.M2.HAUER","FBOM.PHAEO.MG.M2.HAUER","FBOM.640.664","FBOM.PHICOCYANIN.MG.M2","FBOM.CHLA.MG.M2.RITCHIE","FBOM.CHLB.MG.M2.RITCHIE","FBOM.CHLC.MG.M2.RITCHIE","FBOM.CHLD.MG.M2.RITCHIE","FBOM.CHL.TOTAL.MG.M2.RITCHIE","FILA.OM.AREA.g.m2","FILA.ASH.AREA.g.m2","FILA.CHLA.MG.M2.HAUER","FILA.PHAEO.MG.M2.HAUER","FILA..640.664","FILA.CHLA.MG.M2.RITCHIE","FILA.CHLB.MG.M2.RITCHIE","FILA.CHLC.MG.M2.RITCHIE","FILA.CHLD.MG.M2.RITCHIE","FILA.CHL.TOTAL.MG.M2.RITCHIE","MACRO.OM.AREA.g.m2","MACRO.ASH.AREA.g.m2"
"1","LTREB",2021-08-17,"WS",1,"COBBLE",27.625,NA,NA,4.62996256091316,9.68083080918204,0.449527274095932,55.7189056241907,1.17877094972067,11.4149622410877,33.649269819577,3.3566976023208,4.43811459042778,0.22628479020207,41.6705789389941,1.80054099591067,5.86929597368284,NA,NA,NA,NA,NA,NA,NA,NA,NA,2.60902777777779e-08,8.44097222222219e-08,0.37825,27.423125,1.30188679245283,14.2848875,16.3522121666667,1.224187,1.32207866666667,-0.0483380833333333,18.8502431666667,NA,NA,NA,NA,NA,NA,NA,NA,NA,NA,NA,NA
"2","LTREB",2021-08-17,"WS",2,"COBBLE",12.25,NA,NA,4.75857263204963,19.4844257771762,0.343388889934393,28.2609056416005,1.18828451882845,10.3402497193727,17.7835974555183,1.46911412869268,1.87896806034005,0.0907401926399853,21.2225330140537,NA,NA,NA,NA,NA,NA,NA,NA,NA,NA,NA,5.2675e-08,2.982875e-07,-0.167730769230769,17.5446384615385,1.48630136986301,4.511675,10.7082790769231,1.04219607692308,0.911226615384615,0.450502858974359,13.1122756153846,NA,NA,NA,NA,NA,NA,NA,NA,NA,NA,1.61216003016929,-0.429148650341393
"3","LTREB",2021-08-17,"WS",3,"COBBLE",33.625,NA,NA,0.708190521582676,3.28707298696865,0.12486868724887,22.3390081488228,1.125,7.88964327299039,13.3015391655318,1.4977330263132,1.13841425913135,0.215339558708071,16.1531101908219,NA,NA,NA,NA,NA,NA,NA,NA,NA,NA,NA,7.64204545454546e-09,2.59829545454546e-08,0,5.78574166666667,1.27586206896552,7.2394625,3.26018713095238,0.196360392857143,0.13146948015873,0.0491629523809524,3.63720130555556,NA,NA,NA,NA,NA,NA,NA,NA,NA,NA,NA,NA
"4","LTREB",2021-08-17,"WS",4,"COBBLE",39,9.02930853431236,8.03109352046879,6.26681801174103,22.3647067794008,0.941197730138358,24.8267045705384,1.14206128133705,10.030825580043,16.1386219097077,1.1385323874817,1.71437227747879,0.193852656585563,19.1854838087793,NA,NA,NA,NA,NA,NA,NA,NA,NA,NA,NA,1.74652173913044e-07,8.97e-07,0.905478260869553,52.6535608695652,1.70348837209302,53.196,32.3361208695652,4.76337860869565,1.61622613043478,1.71448917391304,40.4304250434783,NA,NA,NA,NA,NA,NA,NA,NA,NA,NA,NA,NA
"5","LTREB",2021-08-17,"WS",5,"COBBLE",26,5.35905536352042,5.06332735709373,8.663642064739,29.3347880437654,0.608734850338241,26.8046245765605,1.11340206185567,10.799153836837,16.3476709218459,2.63178646868706,0.800857192872645,0.227321048312515,20.007735187605,NA,NA,NA,NA,NA,NA,NA,NA,NA,NA,NA,NA,NA,NA,NA,NA,NA,NA,NA,NA,NA,NA,15.3337107736068,91.0500342009057,3.42523567238212,179.99613458368,1.38322580645161,112.900804269299,8.65372579171376,13.8628485766087,0.0709062269977171,135.489001983248,2.33125663735339,2.69035703863514
"6","LTREB",2021-08-17,"DL",1,"COBBLE",9.375,NA,NA,5.14323366299418,15.6237852781521,-0.129551263020703,14.1858633007669,1.25324675324675,11.8100289959697,8.27141436548557,0.589824095629282,0.982262043119473,0.0765366542233056,9.92009053163715,NA,NA,NA,NA,NA,NA,NA,NA,NA,NA,NA,9.1666666666667e-09,4.54166666666666e-08,0.319547872340426,5.57078457446809,1.28048780487805,5.7890625,3.24599082446809,0.15249375,0.390103324468085,0.0573099734042553,3.84591941489362,NA,NA,NA,NA,NA,NA,NA,NA,NA,NA,NA,NA
"7","LTREB",2021-08-17,"DL",2,"COBBLE",20.625,NA,NA,9.94681981994158,50.8986048347255,0.777307578124216,56.989600602807,1.23017107309487,32.8439138347242,35.5070161776071,2.28734739567907,4.18994452256195,0.412696950804436,42.3972360069567,NA,NA,NA,NA,NA,NA,NA,NA,NA,NA,NA,1.00609756097561e-07,7.12317073170732e-07,-0.268628048780488,45.9622591463414,1.37759336099585,24.151875,26.7681129878049,2.31617743902439,2.76349143292683,1.04874,32.8966999390244,NA,NA,NA,NA,NA,NA,NA,NA,NA,NA,NA,NA
"8","LTREB",2021-08-17,"DL",3,"COBBLE",21,NA,NA,9.47037796550417,67.2221458181065,0.257541667450794,9.73975760541185,2.13709677419355,4.52210547852825,5.77908901593552,0.934858802798095,2.09564539762443,0.961706885886875,9.77134333276656,NA,NA,NA,NA,NA,NA,NA,NA,NA,NA,NA,1.42604651162791e-07,1.09493023255814e-06,4.539,48.1668,1.58471760797342,36.162,33.452706,3.69926,3.588865,1.535806,42.276858,NA,NA,NA,NA,NA,NA,NA,NA,NA,NA,NA,NA
"9","LTREB",2021-08-17,"DL",4,"COBBLE",36.125,NA,NA,9.71239873573374,47.1940501947625,0.486987880270593,47.1526015072001,1.40641711229947,15.8088668623422,28.2596075684607,4.90933758848036,2.93492320070183,0.891904623280751,36.9959480776896,NA,NA,NA,NA,NA,NA,NA,NA,NA,NA,NA,1.38796052631579e-07,8.63197368421053e-07,1.07170833333333,95.7035541666667,1.43243243243243,58.125125,55.7100483333333,5.69202759722222,6.01997436111111,2.68626904861111,70.108690625,NA,NA,NA,NA,NA,NA,NA,NA,NA,NA,NA,NA
"10","LTREB",2021-08-17,"DL",5,"COBBLE",37.625,1.88959003652267,4.51464180981155,4.19502668397889,21.4995117553918,0.10769924275215,35.7776884422643,1.2952182952183,18.0829852156513,21.5899766990959,2.87480096216899,1.70452041865865,0.357972517878579,26.5274053226976,NA,NA,NA,NA,NA,NA,NA,NA,NA,NA,NA,1.26640243902439e-07,9.39707317073171e-07,5.02293749999999,59.5446409090909,1.4037558685446,36.0297,40.2489059318182,3.96264447727272,4.35264128409091,1.70548994318182,50.2699484318182,NA,NA,NA,NA,NA,NA,NA,NA,NA,NA,NA,NA
"11","LTREB",2021-08-17,"GR",1,"COBBLE",25.75,NA,NA,4.33299021483438,17.6102262859783,0.318415152484619,15.581114794914,1.07943925233645,12.7008291159595,9.43657372026828,0.968581526786631,0.665236832286837,0.185573225416519,11.2560257281081,NA,NA,NA,NA,NA,NA,NA,NA,NA,NA,NA,8.88374999999999e-08,6.707875e-07,1.44742105263158,34.7742907894737,1.46153846153846,41.53475,20.8379828552632,3.47515630263158,1.55952028947368,1.90818613157895,27.7809865263158,NA,NA,NA,NA,NA,NA,NA,NA,NA,NA,NA,NA
"12","LTREB",2021-08-17,"GR",2,"COBBLE",36.7,NA,NA,3.84661030944553,14.9468286309883,0,21.4652395097989,1.08133971291866,19.5407803719833,13.1990860678832,1.39295210976069,1.84671859394594,0.711144828537534,17.1499900721645,NA,NA,NA,NA,NA,NA,NA,NA,NA,NA,NA,2.09714285714286e-08,1.06954285714286e-07,1.11987428571429,16.5181457142857,1.5,29.93252,8.63867668571429,1.24027964571429,1.02165040571429,0.487266948571429,11.3879303085714,NA,NA,NA,NA,NA,NA,NA,NA,NA,NA,NA,NA
"13","LTREB",2021-08-17,"GR",3,"COBBLE",11.5,NA,NA,3.61978891125937,8.67065715952826,-1.12381818523983,14.9692582273945,1.14285714285714,8.61593942017202,8.24189358389528,0.588826432232001,0.20658977127932,-0.261122312133129,8.77623756305027,NA,NA,NA,NA,NA,NA,NA,NA,NA,NA,NA,1.44418604651163e-08,9.62790697674418e-08,0.142813953488372,4.35582558139535,1.43478260869565,4.17795,2.73140137209302,0.361425744186047,0.295045604651162,0.230086651162791,3.61797809302326,NA,NA,NA,NA,NA,NA,NA,NA,NA,NA,5.09739520319398,15.6355063147842
"14","LTREB",2021-08-17,"GR",4,"COBBLE",25.25,NA,NA,10.2104704657714,43.4304518403233,-0.511961617720367,30.7944913058801,1.03323262839879,29.3515073530132,17.6323018188586,1.97489241972113,1.40340471791493,0.239247142051773,21.2499573111825,NA,NA,NA,NA,NA,NA,NA,NA,NA,NA,NA,1.73142857142858e-08,9.09e-08,0.364418918918919,7.54347162162162,1.45161290322581,9.7566,5.02259487837838,0.869529472972973,0.234994243243243,0.189703932432432,6.31685391891892,NA,NA,NA,NA,NA,NA,NA,NA,NA,NA,35.8375138436245,34.6596527678145
"15","LTREB",2021-08-17,"GR",5,"COBBLE",17.125,NA,NA,9.90297547750868,23.2719923721454,-0.755455557855664,58.9255335127417,1.14351851851852,32.1846703019033,33.9016637520123,4.50889264102727,2.68701041143739,1.02592350203121,42.1237060499025,NA,NA,NA,NA,NA,NA,NA,NA,NA,NA,NA,1.63465909090908e-08,8.09545454545456e-08,0.198798913043478,4.95009293478261,1.35135135135135,11.518275,2.86799373913043,0.653268119565218,0.138288097826087,0.26263197826087,3.92220054891304,NA,NA,NA,NA,NA,NA,NA,NA,NA,NA,5.73903703461246,4.55286130099905
"16","LTREB",2021-08-17,"GC",1,"COBBLE",22.86,NA,NA,5.81083685043898,14.7346220136131,0.554104799666861,30.3206146377706,1.00502512562814,52.0069898114289,18.4581195198815,1.43489858260337,1.09740102773213,0.286932067658501,21.2774707350907,NA,NA,NA,NA,NA,NA,NA,NA,NA,NA,NA,9.14399999999994e-09,1.143e-08,0.203454,3.865626,1.5,1.4600682,1.43867341714286,0.376628297142857,0.1253109,0.0855312342857142,2.02615255714286,NA,NA,NA,NA,NA,NA,NA,NA,NA,NA,6.83012877404102,21.8068699855793
"17","LTREB",2021-08-17,"GC",2,"COBBLE",35.8775,NA,NA,8.79108295341061,25.7757966206797,-0.455770708458376,43.5261026577748,1.00732600732601,46.5159243651338,26.1433876460961,1.70088763428429,0.939165901467244,-0.167625467844756,28.6159812936236,NA,NA,NA,NA,NA,NA,NA,NA,NA,NA,NA,2.10014634146343e-08,8.40058536585366e-08,0,3.92517351219512,1.84615384615385,7.10015725,2.87865658926829,0.633547646585366,0.366503538536585,0.313926374878049,4.19265340060976,23.87002920293,46.7672985950824,4.61460866742864,68.6038488557724,1.31336405529954,45.8164042827729,2.98932160273413,1.69740208728624,-0.740336474438516,49.7630776309771,NA,NA
"18","LTREB",2021-08-17,"GC",3,"COBBLE",37.7825,NA,NA,9.69836854615519,40.9178787233025,0,43.6756329107554,1.04,40.1050630737199,25.556054575551,2.97562572770692,1.63632259591951,0.35343071752143,30.5215943325205,3.22694360306069,8.28248858118909,NA,NA,1.36416184971098,7.87374239146807,10.7980126679839,0.972291015376597,1.20681075520083,0.0479980969758584,13.0251808391768,1.7573255813953e-08,3.5146511627907e-08,0,4.92666226744186,1.6,16.6771955,2.56896748906977,0.195256445348837,-0.101019861046512,0.14407785244186,2.80729949906977,100.336191687448,377.37428983407,5.92171356076555,242.790255991387,1.59340659340659,148.512872260687,23.4669376222231,12.5420118920816,-0.121820219793127,184.400888703297,NA,NA
"19","LTREB",2021-08-17,"GC",4,"COBBLE",33.81375,NA,NA,8.03812944602977,28.1656055788884,0.171694444967196,40.5713973457485,1.05705705705706,22.2688338172809,23.7750705999568,3.39661191327537,1.61788447153016,0.53132164248328,29.3210371718778,5.31393430286623,15.3104443775651,NA,NA,1.35326086956522,7.9761627753913,10.7533989917973,0.633415181448454,1.3449425664885,0.156689507967703,12.8885167494046,3.77455813953486e-08,1.06945813953488e-07,1.17760059782609,11.4619791521739,1.47916666666667,9.63691875,6.51013188423913,0.85859874,0.829202829945652,0.652198139836956,8.85017716907609,75.2285633020298,518.193175184543,7.6599472140953,222.904463930173,1.48863636363636,140.619532242027,14.5518484475084,13.1461979280753,0.769315466316014,169.087776268859,NA,NA
"20","LTREB",2021-08-17,"GC",5,"COBBLE",46.355,NA,NA,7.95511749102351,30.8102963144403,0.168572727785975,46.6777883239363,1.13164556962025,20.0582605309379,27.6836958555848,3.83574614906364,2.08522822739069,0.490582625293454,34.0954252182115,NA,NA,NA,NA,1.55172413793103,NA,NA,NA,NA,NA,NA,NA,NA,NA,NA,NA,NA,NA,NA,NA,NA,NA,98.8695821123837,308.086350822122,8.3003092398665,319.008551785539,1.51744186046512,207.344988978422,22.5251222267989,13.7489804026809,4.56062097361662,248.181038973007,NA,NA
"21","LTREB",2021-08-17,"GC",6,"COBBLE",45.72,NA,NA,8.73262383016674,14.8568015811928,0,25.6477161891998,1.05785123966942,26.4133518187771,16.0796501759499,2.50516522369064,0.866924993151354,0.642992165471106,20.0948346278922,3.73904552267683,6.38373625822875,NA,NA,1.4047619047619,9.16522134217127,4.94887662693919,0.24019628437676,0.45109121932825,0.0909153478650486,5.73111230915286,NA,NA,NA,NA,NA,NA,NA,NA,NA,NA,NA,107.624816103706,760.970758568555,3.49002342894736,238.368600197105,1.67326732673267,143.718772666588,24.2462253895523,8.88876289230899,-0.317069282082308,176.537541297539,NA,NA
"22","LTREB",2021-08-17,"GC",7,"COBBLE",47.625,NA,NA,9.51363771670463,27.3401627586851,1.23307828658259,52.1098883909803,1.09385113268608,32.4017874856309,32.1156385071578,4.78550847982014,2.28611605947436,1.71505487543135,40.902526667721,4.7141436983843,20.2876541305467,NA,NA,1.27989130434783,13.9488144789693,17.2618288054335,1.47448818235789,1.94081380243619,0.251664561338246,20.9289064706673,NA,NA,NA,NA,NA,NA,NA,NA,NA,NA,NA,108.811183980935,318.911647629905,9.34331309864631,435.398390396918,1.38909090909091,267.126240074451,36.9346328357586,22.3691600791324,2.6234325987421,329.055110291139,NA,NA
"23","LTREB",2021-08-17,"BG",1,"COBBLE",30.95625,79.1686359112155,6.34175581782269,26.3066054597338,177.248061675362,-0.780429295305438,38.038123853187,1.47164179104478,19.6598031469077,21.1997310330324,5.06224439365215,0.985878038033633,1.57808707882207,28.8260738303413,25.914929334,131.568102772615,NA,NA,1.36,43.4935876934266,9.59793840308281,0.546665467020217,0.464850404103241,0.39435998408194,11.0038794986698,2.82789527027027e-07,1.62813141891892e-06,0.893547972972974,64.7822280405405,1.63768115942029,53.08996875,39.048240522973,7.12408396418919,2.13060490236486,3.35620299932432,51.659391752027,64.5434756352678,360.579495773405,9.4164261253858,261.776646285725,1.3972602739726,163.545259792783,27.4183304123084,13.006034268837,1.82742652178548,205.798038486094,NA,NA
"24","LTREB",2021-08-17,"BG",2,"COBBLE",31.4325,6.74602164912912,1.7827479654918,9.47037796550417,-13.1006895189475,0.842863638929881,45.3741592290581,1.23362445414847,23.723296803588,25.7165262017234,13.4865274489611,-1.03704689939512,0.988053477386908,39.1541807129294,7.72128099804811,51.6170674593924,NA,NA,1.34903047091413,9.84311333530699,12.5263624458335,0.870925234036685,1.55709510917468,0.34459499518151,15.2990607727977,8.28675e-08,5.743575e-07,0.839247750000001,29.4156336375,1.44660194174757,43.87977,17.570561617125,2.265165824625,1.007249747625,0.82365408675,21.66674600475,9.22226632406522,42.8072913231215,1.86051412281593,48.4579360169784,1.32634032634033,31.043406001195,3.90759277212505,2.72758211927636,0.273555756115796,37.9523292249101,NA,NA
"25","LTREB",2021-08-17,"BG",3,"COBBLE",37.94125,NA,NA,15.8833437853549,78.6947487547126,0,59.3719390696564,1.11981566820276,19.4065582250154,34.5662092174781,3.25394988822878,3.34395068987798,0.963108209530153,42.1274432598087,23.1030455059707,165.612357784906,NA,NA,1.32902033271719,27.5169431473746,73.34958315631,5.63774013479072,7.77669669256857,2.0729912831095,88.8374952147847,1.5935325e-07,9.66237166666666e-07,1.44718767857143,49.2043810714286,1.51,45.56744125,29.2498066645536,4.17634786258928,1.76603781330357,2.03179729892857,37.2241847658036,109.292876636586,238.619215983466,3.72783739534222,281.575984594849,1.34954407294833,170.841277517078,10.1953141516913,20.7145266446638,2.21323241974626,203.965467688204,NA,NA
"26","LTREB",2021-08-17,"BG",4,"COBBLE",37.94125,NA,NA,23.5134285511425,116.871479189111,-2.22890606739231,96.1029999390658,1.06140350877193,36.7032097739136,52.8489531447854,7.76467811649634,4.9188033364833,1.84534500331073,67.3781149109148,19.2587735614549,146.339554033872,NA,NA,1.39696312364425,20.3098685973794,34.5266667591606,3.259958369529,4.4881893659141,1.27469482197961,43.549737166862,1.37827397959184e-07,8.03735051020408e-07,0.862154361702128,56.4711106914894,1.54787234042553,69.1289575,34.5500659185638,4.55029734154255,2.0541667218617,2.25413648361702,43.4088973421277,49.5430465510698,178.166590980996,1.99272582694772,295.122694970958,1.28776978417266,174.935216926963,11.3531896927968,23.4780531328382,1.25109969835201,211.01869015493,NA,NA
"27","LTREB",2021-08-17,"BG",5,"COBBLE",37.94125,5.72694274055819,5.28526666400188,NA,NA,NA,NA,1.2531328320802,NA,NA,NA,NA,NA,NA,29.0004018588106,183.988398585378,NA,NA,1.57668711656442,29.6706941659246,47.9108936186338,1.03437320124261,71.0897862710069,0.994191229346351,121.029573994609,3.57446513157895e-07,1.75128822368421e-06,1.48248493902439,74.2724954451219,1.59633027522936,66.89042375,43.7558872227439,7.07324287567073,2.2188690777439,3.30501416689024,56.3533039175,103.767662786827,148.745160550502,35.4916696005434,273.931159007831,1.51194539249147,202.146785995777,34.7981017132253,17.1488206889523,2.0217200598708,256.11664293273,NA,NA
"28","LTREB",2021-08-17,"BG",6,"COBBLE",41.43375,22.8038441921519,1.85975222483369,11.4579881557952,58.4006641206091,0.156085859061088,58.2980683593161,1.15500945179584,21.5831083016305,34.307465460922,4.32565301027604,3.19252345588593,1.08142187528969,42.907283608677,2.68911966921723,13.7378939623055,NA,NA,1.48019801980198,4.55981161302053,6.4596816744173,0.597906466939782,0.576804769518065,0.272414837586495,7.90685071591723,3.571875e-08,1.5573375e-07,0.737520750000001,15.78294405,1.453125,25.78007925,9.557692990875,1.173499097625,0.860867642625,0.541407905625,12.1335311685,24.2662155659445,46.953708043169,0.339187722702325,114.577612728845,1.37369519832985,67.9781562718321,6.43981302176233,7.46957424422656,0.675330378096345,82.5633058403583,NA,NA
"29","LTREB",2021-08-17,"BG",7,"COBBLE",24.765,NA,NA,15.6389846501955,91.7901769525682,-3.08425657504706,100.736564751153,1.14414414414414,30.9847383381999,54.7238711102998,6.92634458025306,5.09994309214396,1.77981508542499,68.5303248566977,12.6797838315917,92.9149304837799,NA,NA,2.26,10.0122940379747,3.23436083815874,0.195028228632611,0.797445284603641,0.203919861278,4.43077683635369,2.16130909090909e-07,1.08365636363636e-06,0.826531875,55.87355475,1.52307692307692,45.939075,34.4659829475,4.93224693,1.632926709375,2.30910717375,43.340492836875,28.1427463402447,67.3705394922364,2.36156853170385,105.36531598952,1.4147582697201,63.0864199112048,20.8333713626243,2.79196660781336,0.819157659867904,87.5312516448969,NA,NA
"30","DRONE",2021-09-09,"GC",1,"COBBLE",18.75,NA,NA,9.26343266922094,48.6941112971998,24.6740526003767,13.1080904439501,1.22390317700454,30.727050522941,32.5353814308604,5.93710727054499,3.2034682898579,1.87495209395057,43.5511170126234,1.81866332411626,3.35204612680254,10.0925116468899,6.10311317514757,1.27405247813411,7.92010047620044,13.5396399884818,1.10854411997466,1.37694887215947,0.51558677317914,16.54080997376,NA,NA,NA,NA,NA,NA,NA,NA,NA,NA,NA,40.8181782999391,148.688456447533,162.320437111888,27.9828483610064,1.45496535796767,177.008872059789,46.3198585476156,10.0323249962828,0.480710327842649,233.842746843617,NA,NA
"31","DRONE",2021-09-09,"GC",2,"COBBLE",30,NA,NA,12.3676121134696,41.321246673685,40.7009486087692,13.2342078180715,1.1057268722467,55.4337466977371,48.4223844065756,5.4127515938038,4.07511764536237,1.33669631087189,59.2472615437406,1.75845042717509,3.32983165996987,5.09464243975389,1.89800404618282,1.24832214765101,1.76705561011659,6.20817967620897,0.37517662278947,0.744141051771957,0.104214377497338,7.43175250935211,NA,NA,NA,NA,NA,NA,NA,NA,NA,NA,NA,10.6019776967149,44.4342781209777,23.953909907275,7.38251649601263,1.39710144927536,28.4831490783462,5.53826398278329,-6.08451813936281,0.53190563659085,28.4689704285973,NA,NA
"32","DRONE",2021-09-09,"GC",3,"COBBLE",34.5,NA,NA,10.4431377762819,32.5897920259831,35.0943445512949,12.3551322598394,0.917647058823529,53.6651243831176,42.4786161515345,5.19965180286822,2.57917954796925,1.4427392897443,51.7004604743476,17.7072684305631,90.6642542388915,26.1755985645444,13.1689639289839,1.125,36.1593060912528,34.3468531720943,4.38052514017678,2.58595276229018,1.40327290428384,42.7168266496456,NA,NA,NA,NA,NA,NA,NA,NA,NA,NA,NA,80.131917255462,593.48418972866,205.324490322871,41.3183850896642,1.44700460829493,234.454459734524,29.7969915617943,19.0736644315306,4.12639850651786,287.452985788258,NA,NA
"33","DRONE",2021-09-09,"GC",4,"COBBLE",41.75,NA,NA,14.8053575527382,82.9394656934488,15.7334545933576,11.5247554896344,1.26642335766423,20.1161350629493,21.992945420434,4.50986880315901,1.21020097513511,1.04471096060333,28.7578624275478,7.99720805975907,48.1516106334968,7.75434547815482,6.5630982018006,1.44308943089431,7.84147295543746,11.2636912624862,1.62555375898399,0.916745214231425,0.577208172543921,14.3832716458351,NA,NA,NA,NA,NA,NA,NA,NA,NA,NA,NA,130.629270540199,1443.26010142399,258.944170693953,68.4949096674328,1.43352601156069,299.2682727925,52.5261696090094,18.0533548219773,3.65595569160091,373.505551790261,NA,NA
"34","DRONE",2021-09-09,"GC",5,"COBBLE",47.75,NA,NA,4.89069025058073,17.5295526959018,8.36308032849306,4.16686809349479,1.17714285714286,9.97920617421867,10.6287365483353,1.63662553109617,0.761513992476689,0.305107085071876,13.3320496483868,2.93230962191166,9.46336287071493,9.60864548380054,3.09611910033572,1.3921568627451,5.43476931061128,11.8808268992874,1.56142421770373,1.14058913727704,0.241000529918875,14.8239154247956,NA,NA,NA,NA,NA,NA,NA,NA,NA,NA,NA,63.1568208543267,435.114059058895,133.867686340915,19.4716634677695,1.67241379310345,145.554976513438,25.8647456903457,9.03250601193563,0.0970468558055382,180.550133489898,NA,NA
"35","DRONE",2021-09-09,"GC",6,"COBBLE",20.5,NA,NA,16.5462702429401,68.2872710436095,35.1255617231071,17.2187676281829,1.1304347826087,37.7716087103183,45.2042895973148,6.90485757875005,4.121991924153,2.091502808774,58.3229321468469,4.05472478819364,24.4873575443851,4.7231580951885,3.44949748525003,1.37953795379538,4.19306245743789,6.6370989051035,0.631514043993266,0.66939193138964,0.307369207613095,8.24541841180675,NA,NA,NA,NA,NA,NA,NA,NA,NA,NA,NA,64.1331348495636,263.014143349985,197.476881983069,49.1254218760349,1.41387024608501,228.852513390882,56.9219465074846,14.247778523355,2.30225793578592,302.325792964399,NA,NA
"36","DRONE",2021-09-09,"GC",7,"COBBLE",31.25,NA,NA,18.877620077905,59.3757622963166,42.0027046733386,13.1823873128632,1.01805054151625,60.940829943801,50.4703757157808,5.32062494952149,3.55697361291241,1.45838005155184,60.8066810578064,1.20659630375312,2.80603791570494,2.8844666754489,1.12756424585729,1.22222222222222,1.57138123279477,3.5031660470296,0.180611472255724,0.411979259840196,0.0587968766743066,4.15457680561263,NA,NA,NA,NA,NA,NA,NA,NA,NA,NA,NA,12.0340895912339,111.025221201982,39.5567846318007,8.58845504167926,1.36212624584718,44.6696295133119,4.48702630411944,2.98709848503407,0.490066611669295,52.6341038725428,NA,NA
"37","DRONE",2021-09-09,"GC",8,"COBBLE",34.875,NA,NA,15.0052877542322,58.7163433861259,29.9029288789231,16.8385424755101,1.03951367781155,36.0561841978507,39.41393592339,7.73500945670791,2.17621144629783,1.62838143846712,50.9537818289539,32.1431643244001,151.96799841979,28.788475845227,26.3441712923303,1.46907216494845,37.4122020206151,44.6942175889105,6.04108598762472,3.10944834164291,2.57941366506602,56.42446056798,NA,NA,NA,NA,NA,NA,NA,NA,NA,NA,NA,212.681038398327,460.640722746871,206.802837245807,104.28143069629,1.6734693877551,282.723868362744,55.9923172541336,12.3323309920195,8.25911106425358,359.309341554343,NA,NA
"38","DRONE",2021-09-09,"GC",9,"COBBLE",37.75,NA,NA,5.74536263240587,10.5436874682613,7.9229182059408,3.16916728237632,1.05755395683453,8.65592546047082,9.61100992149926,1.50698399549735,0.567356454025673,0.203853673858664,11.8892633925829,1.79937181344579,4.23010215792521,2.19144546121767,1.52558318646307,1.45977011494253,1.90828116004909,2.98129613405151,0.296706625979981,0.245773986243703,0.0722943399545348,3.59609034266492,NA,NA,NA,NA,NA,NA,NA,NA,NA,NA,NA,99.2733389868011,675.902274497203,51.7692356861552,22.8393686850685,2.09433962264151,60.5812629098015,13.491058257641,11.7273229400585,2.18015888315582,87.9801679643387,NA,NA
"39","DRONE",2021-09-09,"GC",10,"COBBLE",45,NA,NA,6.04993466450633,21.4749589236294,8.26162452010336,4.34043556877072,1.20574162679426,7.07057249722077,10.6240736674421,1.7615123699028,0.68324960224956,0.321026159073357,13.3899278399393,4.60891727654537,12.4377630613622,8.42863638929872,4.31546183132094,1.38216560509554,4.54893821609717,10.8792071756159,1.11761129952124,-0.103337607566927,0.268523728192436,12.1620746765596,NA,NA,NA,NA,NA,NA,NA,NA,NA,NA,NA,63.8079069795561,1486.56961535497,104.012494761127,13.6016339303013,1.48529411764706,105.807152296419,15.8381722629847,12.2533071651682,0.809730229670932,134.709006226394,NA,NA
"40","DRONE",2021-09-09,"GC",11,"COBBLE",22,NA,NA,15.7465494369642,51.8146592959567,42.3273632601857,8.57910315743359,1.0575,54.6554219308684,48.2734677990118,5.23808222251385,3.89838388366966,1.26081025407708,58.6710548344369,NA,NA,NA,NA,NA,NA,NA,NA,NA,NA,NA,NA,NA,NA,NA,NA,NA,NA,NA,NA,NA,NA,24.3698793259473,170.489278727017,66.4764991165399,13.0011560219074,1.35973597359736,76.1605503219032,13.3137019883215,5.18782634358668,0.954134188688602,95.6166711339659,NA,NA
"41","DRONE",2021-09-09,"GC",12,"COBBLE",31.375,NA,NA,17.2851935607424,68.3550836265724,34.9632324296836,17.4116897499824,1.07890499194847,38.9375174642937,44.783374509732,6.28788658622353,3.43585583838823,2.22930742434887,56.7367157189629,1.12943026107124,4.81235502543398,1.25493030685114,0.580639395707246,1.26470588235294,1.34830121849622,1.65217990201138,0.102952899768683,0.177719359126954,0.047325723523957,1.98018889812979,NA,NA,NA,NA,NA,NA,NA,NA,NA,NA,NA,25.7416152969301,219.385176227951,133.516780356009,28.6212766730007,1.38696537678208,149.618533302113,40.0899611483582,7.89400869165008,1.45838218414066,199.061719685268,NA,NA
"42","DRONE",2021-09-09,"GC",13,"COBBLE",35.75,NA,NA,0.869871753868534,3.31112474053183,1.76064849020907,0.704259396083626,0.996389891696751,0.318695756276189,2.14360139233973,0.298632304575107,0.132356950181668,0.0683139050201594,2.64291816140056,3.32515493011036,8.86707981362762,4.8090053176721,2.61412596755509,1.38211382113821,3.11132899502132,6.28820141198584,0.540280409585804,0.556174650151731,0.163931985362735,7.54862955969566,NA,NA,NA,NA,NA,NA,NA,NA,NA,NA,NA,104.355390160165,260.006706857545,167.199172226237,43.4717847788215,1.39189189189189,192.232011551469,15.8933380564451,21.4984867857381,3.33828489595822,232.96336589019,NA,NA
"43","DRONE",2021-09-09,"GC",14,"COBBLE",35.75,NA,NA,5.55595507309578,16.6678652192874,13.5982000414019,5.65561501721944,1.07106598984772,14.1599688321261,16.7330917460153,3.02297393460968,0.882003237891395,0.562151534295832,21.2003238553094,3.97929848901948,19.5487308127444,5.76893335089779,4.03825334562845,1.76056338028169,5.7925976039869,7.97933458034931,1.19886552899346,0.73557089753711,0.325572279559714,10.2393942160278,NA,NA,NA,NA,NA,NA,NA,NA,NA,NA,NA,103.41993569832,1013.9558170991,309.12023957753,59.53426836308,1.61290322580645,345.148248524047,49.722520101167,23.8074183127534,1.75521179174739,420.435499838293,NA,NA
"44","DRONE",2021-09-09,"GC",15,"COBBLE",42.75,NA,NA,3.95300591374934,11.9817819000601,7.2767227494279,3.18602455515492,1.15868263473054,5.90986660521407,9.2502977811149,1.92925569718593,0.365816814409669,0.362813266500172,11.9082400307237,4.70712860359505,15.2017104083315,6.28401668579938,3.66739334449931,1.44444444444444,4.87689389749519,8.72520225740176,1.16345943362973,0.745765432045885,0.268872729158202,10.9033554117863,NA,NA,NA,NA,NA,NA,NA,NA,NA,NA,NA,72.3187396083217,1658.98101161646,193.198393770042,10.9857910182965,1.53543307086614,211.009577436923,42.5839083106575,11.9118011208293,-0.0289719556494404,265.477535083273,NA,NA
"45","DRONE",2021-09-09,"GC",16,"COBBLE",23.875,NA,NA,19.5300238933064,65.0720192651976,36.6364728388184,13.2385782221252,1.06553911205074,57.3862814140818,44.0522190531572,5.28127791420705,3.36868247086256,1.51451462960267,54.2169786000741,0.748276777521319,1.71168312858001,2.17271515813034,0.764196365963084,1.204,1.43295002895332,2.68978825451795,0.174436037545437,0.26563750774329,0.0629352213923883,3.19281479277253,NA,NA,NA,NA,NA,NA,NA,NA,NA,NA,NA,13.6307144951978,106.975288491123,15.2564562080669,2.97686950401306,1.57657657657658,17.0034479642837,3.15330337508026,0.800592539068261,0.0860727811647222,21.0435170035128,NA,NA
"46","DRONE",2021-09-09,"GC",17,"COBBLE",31.75,NA,NA,4.79364810599595,14.0453889505681,11.135165185418,6.33552501928954,1.03597122302158,14.3713570217758,14.7929344044577,1.82562732563181,0.981851782838459,0.358533719615808,17.9590411880466,1.64854727547665,3.81913452152092,3.15449521162458,1.10774134175654,1.26612903225806,3.05256003842427,3.75462082195817,0.218601215338514,0.37882709689452,0.0666801654406004,4.41875402784093,NA,NA,NA,NA,NA,NA,NA,NA,NA,NA,NA,41.2918620378417,230.008085441886,93.4529742239268,13.4165161014548,1.30681818181818,100.915728069331,12.2306194483492,7.36347543825632,1.18968439741631,121.700138066495,NA,NA
"47","DRONE",2021-09-09,"GC",18,"COBBLE",33.75,NA,NA,6.13470039320994,21.4404680409155,11.7470217529374,4.8146244085983,1.14285714285714,16.6628377346884,14.7889123232439,2.72150801110452,0.890436890073467,0.418496867490654,18.8194445632517,2.16883347234694,3.43739644673855,8.63154800607814,7.04727653660809,1.48387096774194,7.26354606304873,12.5185722766046,1.74932215199882,0.994778030333647,0.571835451746721,15.8345889350286,NA,NA,NA,NA,NA,NA,NA,NA,NA,NA,NA,112.787509872298,1745.07404943398,242.894570436502,29.8557909494866,1.62903225806452,276.193907428505,44.3872012171817,17.9276510006132,2.18703666121181,340.697464122914,NA,NA
"48","DRONE",2021-09-09,"GC",19,"COBBLE",44.375,NA,NA,4.0722625251668,11.9800281263628,8.47077957124521,4.09631728519918,1.16504854368932,6.89443515888704,10.6668716734117,2.0099669758592,0.588740251792515,0.283016563272313,13.5486603364247,5.78745320114144,21.5129573537379,4.68257577183262,3.83971213290275,1.52830188679245,6.07390290503632,7.26724009504651,0.854596969556146,0.55284851310835,0.287582057112113,8.96231498671295,NA,NA,NA,NA,NA,NA,NA,NA,NA,NA,NA,106.527618101546,2085.90789682955,335.762534860668,38.6980548652973,1.75,359.824919728185,45.2225648195113,22.0663743233607,1.49372019333273,428.609795740808,NA,NA
"49","DRONE",2021-09-09,"GC",20,"COBBLE",36.25,NA,NA,6.62926457585293,18.0568539875613,11.6315182172322,4.6526072868929,1.12745098039216,14.6222635787385,14.1470848388852,2.71080414563857,0.794592491081165,0.378342862438954,18.0309102028041,1.15047554543902,0.897932133025584,2.17271515813034,0.659306668674032,1.34146341463415,1.64602184135252,2.56816334709964,-0.170433130924087,0.44361831945304,0.00174086592290335,2.84310736019415,NA,NA,NA,NA,NA,NA,NA,NA,NA,NA,NA,71.8352609596101,202.212902813407,58.4731998148999,11.0147190348997,1.60504201680672,59.3858879802539,14.1637409817992,7.15287002421723,0.798430891192582,81.5012711111871,NA,NA
"50","DRONE",2022-06-28,"GR",1,"COBBLE",22.125,NA,NA,24.8434571179734,110.961261829157,145.187944381442,98.0971528744302,1.29486277269529,134.1917482238,NA,NA,NA,NA,NA,NA,NA,NA,NA,NA,NA,NA,NA,NA,NA,NA,NA,NA,NA,NA,NA,NA,NA,NA,NA,NA,NA,NA,NA,NA,NA,NA,NA,NA,NA,NA,NA,NA,NA
"51","DRONE",2022-06-28,"GR",2,"COBBLE",42,NA,NA,1.0803245975464,4.24413234750372,1.23620000376381,0.756704244728151,0.839449541284404,3.55525003919816,NA,NA,NA,NA,NA,NA,NA,NA,NA,NA,NA,NA,NA,NA,NA,NA,NA,NA,NA,NA,NA,NA,NA,NA,NA,NA,NA,NA,NA,NA,NA,NA,NA,NA,NA,NA,NA,229.169476324073,319.593553503545
"52","DRONE",2022-06-28,"GR",3,"COBBLE",55,NA,NA,NA,NA,NA,NA,NA,NA,NA,NA,NA,NA,NA,NA,NA,NA,NA,NA,NA,NA,NA,NA,NA,NA,NA,NA,NA,NA,NA,NA,NA,NA,NA,NA,NA,NA,NA,NA,NA,NA,NA,NA,NA,NA,NA,98.6743233057644,313.031067233859
"53","DRONE",2022-06-28,"GR",4,"COBBLE",28.5,NA,NA,1.04758748852985,3.54963796336675,0.474501011545706,1.43099515587205,1.15625,3.31954285427895,NA,NA,NA,NA,NA,NA,NA,NA,NA,NA,NA,NA,NA,NA,NA,NA,NA,NA,NA,NA,NA,NA,NA,NA,NA,NA,NA,NA,NA,NA,NA,NA,NA,NA,NA,NA,NA,NA,NA
"54","DRONE",2022-06-28,"GR",5,"COBBLE",20.25,NA,NA,2.25476838351541,7.61956212360379,0.593126264432132,2.62458372011219,1.34659090909091,4.17409831785759,NA,NA,NA,NA,NA,NA,NA,NA,NA,NA,NA,NA,NA,NA,NA,NA,NA,NA,NA,NA,NA,NA,NA,NA,NA,NA,NA,NA,NA,NA,NA,NA,NA,NA,NA,NA,NA,NA,NA
"55","DRONE",2022-06-28,"GR",6,"COBBLE",27.5,NA,NA,3.25325020852042,6.70292307114018,0.229446212819799,0.527726289485537,1.125,2.40003930477638,NA,NA,NA,NA,NA,NA,NA,NA,NA,NA,NA,NA,NA,NA,NA,NA,NA,NA,NA,NA,NA,NA,NA,NA,NA,NA,NA,NA,NA,NA,NA,NA,NA,NA,NA,NA,NA,NA,NA
"56","DRONE",2022-06-28,"GR",7,"COBBLE",18.5,NA,NA,0.708524573715498,1.99228692015051,0.0280954546309957,0.247240000752763,1.45652173913043,1.008069121217,NA,NA,NA,NA,NA,NA,NA,NA,NA,NA,NA,NA,NA,NA,NA,NA,NA,NA,NA,NA,NA,NA,NA,NA,NA,NA,NA,NA,NA,NA,NA,NA,NA,NA,NA,NA,NA,NA,NA
"57","DRONE",2022-06-28,"GR",8,"COBBLE",23.5,NA,NA,1.2714859305538,2.08991365596774,0.468257577183262,1.22527399362954,1.18918918918919,1.58131928374622,NA,NA,NA,NA,NA,NA,NA,NA,NA,NA,NA,NA,NA,NA,NA,NA,NA,NA,NA,NA,NA,NA,NA,NA,NA,NA,NA,NA,NA,NA,NA,NA,NA,NA,NA,NA,NA,NA,NA
"58","DRONE",2022-06-28,"GR",9,"COBBLE",14.25,NA,NA,2.28575171883465,10.6044849564349,0.327780304028284,2.41464823967502,1.53136531365314,4.07693925502631,NA,NA,NA,NA,NA,NA,NA,NA,NA,NA,NA,NA,NA,NA,NA,NA,NA,NA,NA,NA,NA,NA,NA,NA,NA,NA,NA,NA,NA,NA,NA,NA,NA,NA,NA,NA,NA,NA,NA
"59","DRONE",2022-06-28,"GR",10,"COBBLE",22.5,NA,NA,1.99228692015051,9.02141189899139,0.299684849397288,2.13900061257314,1.3960396039604,2.98562434231006,NA,NA,NA,NA,NA,NA,NA,NA,NA,NA,NA,NA,NA,NA,NA,NA,NA,NA,NA,NA,NA,NA,NA,NA,NA,NA,NA,NA,NA,NA,NA,NA,NA,NA,NA,NA,NA,NA,NA
"60","DRONE",2022-06-28,"GR",11,"COBBLE",23.25,NA,NA,0.782767660235191,1.96831867962053,0.192766035940443,0.900927578500596,1.30232558139535,1.99719748650299,NA,NA,NA,NA,NA,NA,NA,NA,NA,NA,NA,NA,NA,NA,NA,NA,NA,NA,NA,NA,NA,NA,NA,NA,NA,NA,NA,NA,NA,NA,NA,NA,NA,NA,NA,NA,NA,NA,NA
"61","DRONE",2022-06-28,"GR",12,"COBBLE",21.75,NA,NA,0.957560438734311,3.45142663631708,0.0561909092619915,1.83182364194092,1.22448979591837,1.14044395989038,NA,NA,NA,NA,NA,NA,NA,NA,NA,NA,NA,NA,NA,NA,NA,NA,NA,NA,NA,NA,NA,NA,NA,NA,NA,NA,NA,NA,NA,NA,NA,NA,NA,NA,NA,NA,NA,NA,NA
"62","DRONE",2022-06-28,"GR",13,"COBBLE",34.75,NA,NA,2.50965016085861,10.0543846067103,0.463575001411429,2.9879516000064,1.22727272727273,4.93091012737251,NA,NA,NA,NA,NA,NA,NA,NA,NA,NA,NA,NA,NA,NA,NA,NA,NA,NA,NA,NA,NA,NA,NA,NA,NA,NA,NA,NA,NA,NA,NA,NA,NA,NA,NA,NA,NA,NA,NA
"63","DRONE",2022-06-28,"GR",14,"COBBLE",20,NA,NA,1.1364453558605,2.62013790378949,0.632147729197404,0.72486272947969,1.22950819672131,2.28172973115547,NA,NA,NA,NA,NA,NA,NA,NA,NA,NA,NA,NA,NA,NA,NA,NA,NA,NA,NA,NA,NA,NA,NA,NA,NA,NA,NA,NA,NA,NA,NA,NA,NA,NA,NA,NA,NA,NA,NA
"64","DRONE",2022-06-28,"GR",15,"COBBLE",26.25,NA,NA,6.57665136493346,34.1108984127882,2.10715909732468,6.25123865539655,1.23888888888889,12.1068844238019,NA,NA,NA,NA,NA,NA,NA,NA,NA,NA,NA,NA,NA,NA,NA,NA,NA,NA,NA,NA,NA,NA,NA,NA,NA,NA,NA,NA,NA,NA,NA,NA,NA,NA,NA,NA,NA,NA,NA
"65","DRONE",2022-06-28,"GR",16,"COBBLE",42,NA,NA,7.665160239734,55.1479985033211,5.082155571029,20.2050022837396,1.62479061976549,6.55396922511484,NA,NA,NA,NA,NA,NA,NA,NA,NA,NA,NA,NA,NA,NA,NA,NA,NA,NA,NA,NA,NA,NA,NA,NA,NA,NA,NA,NA,NA,NA,NA,NA,NA,NA,NA,NA,NA,6.22745553542351,43.5823156515945
"66","DRONE",2022-06-28,"GR",17,"COBBLE",37.5,NA,NA,1.05957160879484,3.57331390828051,0.760918562922801,0.413627526511882,1.304,1.57781173635159,NA,NA,NA,NA,NA,NA,NA,NA,NA,NA,NA,NA,NA,NA,NA,NA,NA,NA,NA,NA,NA,NA,NA,NA,NA,NA,NA,NA,NA,NA,NA,NA,NA,NA,NA,NA,NA,NA,NA
"67","DRONE",2022-06-28,"GR",18,"COBBLE",17.5,NA,NA,1.57839632758403,5.33147203983939,0.201350758188803,1.3064386403413,1.50980392156863,2.99719924871234,NA,NA,NA,NA,NA,NA,NA,NA,NA,NA,NA,NA,NA,NA,NA,NA,NA,NA,NA,NA,NA,NA,NA,NA,NA,NA,NA,NA,NA,NA,NA,NA,NA,NA,NA,NA,NA,NA,NA
"68","DRONE",2022-06-28,"GR",19,"COBBLE",49,NA,NA,3.16731529735195,14.4554797001237,1.62251250494,1.54384523197321,1.288,4.50053406205126,NA,NA,NA,NA,NA,NA,NA,NA,NA,NA,NA,NA,NA,NA,NA,NA,NA,NA,NA,NA,NA,NA,NA,NA,NA,NA,NA,NA,NA,NA,NA,NA,NA,NA,NA,NA,NA,NA,NA
"69","DRONE",2022-06-28,"GR",20,"COBBLE",33.25,NA,NA,1.2638862445321,4.75974181451451,0.287197980672401,1.74831770734324,1.22222222222222,2.29086104620616,NA,NA,NA,NA,NA,NA,NA,NA,NA,NA,NA,NA,NA,NA,NA,NA,NA,NA,NA,NA,NA,NA,NA,NA,NA,NA,NA,NA,NA,NA,NA,NA,NA,NA,NA,NA,NA,NA,NA
"70","DRONE",2022-06-28,"GR",21,"COBBLE",45,NA,NA,3.76184458074194,16.2820350058779,1.85430000564572,4.88814084821608,1.12,8.55385583128705,NA,NA,NA,NA,NA,NA,NA,NA,NA,NA,NA,NA,NA,NA,NA,NA,NA,NA,NA,NA,NA,NA,NA,NA,NA,NA,NA,NA,NA,NA,NA,NA,NA,NA,NA,NA,NA,34.3016340725681,135.793948198266
"71","DRONE",2022-06-29,"DL",1,"COBBLE",32,NA,NA,1.53572116761602,3.20122158883338,0.693021214231229,4.07727481039372,1.46923076923077,3.44347619555591,NA,NA,NA,NA,NA,NA,NA,NA,NA,NA,NA,NA,NA,NA,NA,NA,NA,NA,NA,NA,NA,NA,NA,NA,NA,NA,NA,NA,NA,NA,NA,NA,NA,NA,NA,NA,NA,NA,NA
"72","DRONE",2022-06-29,"DL",2,"COBBLE",22.25,NA,NA,1.91921301609569,11.2861183334583,1.98853384443825,3.15106132272523,1.55144032921811,3.37151301484273,NA,NA,NA,NA,NA,NA,NA,NA,NA,NA,NA,NA,NA,NA,NA,NA,NA,NA,NA,NA,NA,NA,NA,NA,NA,NA,NA,NA,NA,NA,NA,NA,NA,NA,NA,NA,NA,NA,NA
"73","DRONE",2022-06-29,"DL",3,"COBBLE",26.25,NA,NA,2.64352155308703,14.9865808347941,2.38811364363464,5.33876072332543,1.51778656126482,0.806969737258146,NA,NA,NA,NA,NA,NA,NA,NA,NA,NA,NA,NA,NA,NA,NA,NA,NA,NA,NA,NA,NA,NA,NA,NA,NA,NA,NA,NA,NA,NA,NA,NA,NA,NA,NA,NA,NA,NA,NA
"74","DRONE",2022-06-29,"DL",4,"COBBLE",18.25,NA,NA,1.25394819358065,8.61979772230612,0.983340912084852,2.88446667544889,1.50180505415162,0.397931251920907,NA,NA,NA,NA,NA,NA,NA,NA,NA,NA,NA,NA,NA,NA,NA,NA,NA,NA,NA,NA,NA,NA,NA,NA,NA,NA,NA,NA,NA,NA,NA,NA,NA,NA,NA,NA,NA,NA,NA
"75","DRONE",2022-06-29,"DL",5,"COBBLE",42,NA,NA,0.726062310688652,1.80171017837555,0.251298233088351,1.0051929323534,1.41379310344828,0.203028535025901,NA,NA,NA,NA,NA,NA,NA,NA,NA,NA,NA,NA,NA,NA,NA,NA,NA,NA,NA,NA,NA,NA,NA,NA,NA,NA,NA,NA,NA,NA,NA,NA,NA,NA,NA,NA,NA,NA,NA
"76","DRONE",2022-06-29,"DL",6,"COBBLE",21.5,NA,NA,1.36618971020885,4.73168143535746,1.42350303463712,3.27850542664861,1.44505494505495,0.322054232906548,NA,NA,NA,NA,NA,NA,NA,NA,NA,NA,NA,NA,NA,NA,NA,NA,NA,NA,NA,NA,NA,NA,NA,NA,NA,NA,NA,NA,NA,NA,NA,NA,NA,NA,NA,NA,NA,NA,NA
"77","DRONE",2022-06-29,"DL",7,"COBBLE",29,NA,NA,2.89957251289511,17.4442023759657,2.06033333960635,4.05823233558827,1.48837209302326,1.15468460231258,NA,NA,NA,NA,NA,NA,NA,NA,NA,NA,NA,NA,NA,NA,NA,NA,NA,NA,NA,NA,NA,NA,NA,NA,NA,NA,NA,NA,NA,NA,NA,NA,NA,NA,NA,NA,NA,NA,NA
"78","DRONE",2022-06-29,"DL",8,"COBBLE",17.75,NA,NA,2.53712594878322,10.8523516389889,2.49113031061496,7.72687436696007,1.41116751269036,3.80732577862566,NA,NA,NA,NA,NA,NA,NA,NA,NA,NA,NA,NA,NA,NA,NA,NA,NA,NA,NA,NA,NA,NA,NA,NA,NA,NA,NA,NA,NA,NA,NA,NA,NA,NA,NA,NA,NA,NA,NA
"79","DRONE",2022-06-29,"DL",9,"COBBLE",33,NA,NA,1.06980195536251,3.12171718122175,1.31112121611313,4.58892425639597,1.39903846153846,0.294283226409556,NA,NA,NA,NA,NA,NA,NA,NA,NA,NA,NA,NA,NA,NA,NA,NA,NA,NA,NA,NA,NA,NA,NA,NA,NA,NA,NA,NA,NA,NA,NA,NA,NA,NA,NA,NA,NA,NA,NA
"80","DRONE",2022-06-29,"DL",10,"COBBLE",25.5,NA,NA,3.05156623332912,13.5917461541958,3.60558334431112,1.83556970255839,1.48971193415638,0.880394396052426,NA,NA,NA,NA,NA,NA,NA,NA,NA,NA,NA,NA,NA,NA,NA,NA,NA,NA,NA,NA,NA,NA,NA,NA,NA,NA,NA,NA,NA,NA,NA,NA,NA,NA,NA,NA,NA,NA,NA
"81","DRONE",2022-06-29,"DL",11,"COBBLE",27,NA,NA,3.15386969900587,15.6868626721323,2.74648677603889,1.36158377434758,1.46676737160121,0.698315272432191,NA,NA,NA,NA,NA,NA,NA,NA,NA,NA,NA,NA,NA,NA,NA,NA,NA,NA,NA,NA,NA,NA,NA,NA,NA,NA,NA,NA,NA,NA,NA,NA,NA,NA,NA,NA,NA,NA,NA
"82","DRONE",2022-06-29,"DL",12,"COBBLE",34.25,NA,NA,1.70379114694209,4.32802118935866,1.04577525570929,0.198697298584764,1.24074074074074,0.487636776538599,NA,NA,NA,NA,NA,NA,NA,NA,NA,NA,NA,NA,NA,NA,NA,NA,NA,NA,NA,NA,NA,NA,NA,NA,NA,NA,NA,NA,NA,NA,NA,NA,NA,NA,NA,NA,NA,NA,NA
"83","DRONE",2022-06-29,"DL",13,"COBBLE",36.25,NA,NA,2.07091444091349,5.22478413991936,0.659462754533094,1.50661875458715,1.45945945945946,0.894483044754194,NA,NA,NA,NA,NA,NA,NA,NA,NA,NA,NA,NA,NA,NA,NA,NA,NA,NA,NA,NA,NA,NA,NA,NA,NA,NA,NA,NA,NA,NA,NA,NA,NA,NA,NA,NA,NA,NA,NA
"84","DRONE",2022-06-29,"DL",14,"COBBLE",32.25,NA,NA,3.44879597577111,13.109458387434,1.13084204889758,4.97570501514934,1.36612021857923,7.63978898024617,NA,NA,NA,NA,NA,NA,NA,NA,NA,NA,NA,NA,NA,NA,NA,NA,NA,NA,NA,NA,NA,NA,NA,NA,NA,NA,NA,NA,NA,NA,NA,NA,NA,NA,NA,NA,NA,NA,NA
"85","DRONE",2022-06-29,"DL",15,"COBBLE",17.25,NA,NA,10.301958993648,47.5111909383604,3.48461680353878,15.9773387481406,1.43127962085308,13.7063260357538,NA,NA,NA,NA,NA,NA,NA,NA,NA,NA,NA,NA,NA,NA,NA,NA,NA,NA,NA,NA,NA,NA,NA,NA,NA,NA,NA,NA,NA,NA,NA,NA,NA,NA,NA,NA,NA,NA,NA
"86","DRONE",2022-06-29,"DL",16,"COBBLE",31.25,NA,NA,2.3547334842624,12.3778424600372,1.48905909544277,1.66691893184288,1.41379310344828,4.09909526273573,NA,NA,NA,NA,NA,NA,NA,NA,NA,NA,NA,NA,NA,NA,NA,NA,NA,NA,NA,NA,NA,NA,NA,NA,NA,NA,NA,NA,NA,NA,NA,NA,NA,NA,NA,NA,NA,NA,NA
"87","DRONE",2022-06-29,"DL",17,"COBBLE",23.75,NA,NA,9.88543774053555,75.1813554477571,17.2256354059816,18.5592329857995,1.41056910569106,4.07904378346308,NA,NA,NA,NA,NA,NA,NA,NA,NA,NA,NA,NA,NA,NA,NA,NA,NA,NA,NA,NA,NA,NA,NA,NA,NA,NA,NA,NA,NA,NA,NA,NA,NA,NA,NA,NA,NA,NA,NA
"88","DRONE",2022-06-29,"DL",18,"COBBLE",32.25,NA,NA,5.56910837582566,47.9858790191005,2.30850985551348,1.54126981529871,1.58260869565217,1.30607034786486,NA,NA,NA,NA,NA,NA,NA,NA,NA,NA,NA,NA,NA,NA,NA,NA,NA,NA,NA,NA,NA,NA,NA,NA,NA,NA,NA,NA,NA,NA,NA,NA,NA,NA,NA,NA,NA,NA,NA
"89","DRONE",2022-06-29,"DL",19,"COBBLE",30.75,NA,NA,9.23227395653198,52.6523200729178,2.52390834101779,12.3755638987905,1.37722419928826,2.75203688519967,NA,NA,NA,NA,NA,NA,NA,NA,NA,NA,NA,NA,NA,NA,NA,NA,NA,NA,NA,NA,NA,NA,NA,NA,NA,NA,NA,NA,NA,NA,NA,NA,NA,NA,NA,NA,NA,NA,NA
"90","DRONE",2022-06-29,"DL",20,"COBBLE",9.5,NA,NA,23.2375014894316,175.633128395751,16.6816761871537,18.9644318759221,1.77235890014472,5.73337851214088,NA,NA,NA,NA,NA,NA,NA,NA,NA,NA,NA,NA,NA,NA,NA,NA,NA,NA,NA,NA,NA,NA,NA,NA,NA,NA,NA,NA,NA,NA,NA,NA,NA,NA,NA,NA,NA,NA,NA
"91","DRONE",2022-06-29,"DL",21,"COBBLE",20.25,NA,NA,15.5869560305085,92.1385933271015,28.9757788761003,14.0759788559879,1.36692913385827,6.90294680723135,NA,NA,NA,NA,NA,NA,NA,NA,NA,NA,NA,NA,NA,NA,NA,NA,NA,NA,NA,NA,NA,NA,NA,NA,NA,NA,NA,NA,NA,NA,NA,NA,NA,NA,NA,NA,NA,NA,NA
"92","DRONE",2222-07-27,"BG",1,"COBBLE",37.25,NA,NA,7.52368916148388,42.2869913896735,26.1662334130007,27.9896284185523,1.25534079348932,27.5174108203605,NA,NA,NA,NA,NA,4.26167008447688,28.7794263729488,65.883841109685,33.040254646051,1.45272601794341,10.8856733392379,NA,NA,NA,NA,NA,NA,NA,NA,NA,NA,NA,NA,NA,NA,NA,NA,30.4710576843422,439.500419343387,101.611894248768,103.360055870252,0.929378531073446,NA,NA,NA,NA,NA,NA,NA
"93","DRONE",2222-07-27,"BG",2,"COBBLE",45,NA,NA,4.99299371625748,25.2955549232314,3.56109887447871,8.00790695619956,1.24416796267496,10.3462125499436,NA,NA,NA,NA,NA,4.40547952765677,28.930250910918,48.2492607529634,17.4116897499824,1.47128927410618,7.30692273249567,NA,NA,NA,NA,NA,NA,NA,NA,NA,NA,NA,NA,NA,NA,NA,NA,57.1607943856079,242.3789476687,19.8853384443825,56.8720679509341,1.41071428571429,NA,NA,NA,NA,NA,NA,NA
"94","DRONE",2222-07-27,"BG",3,"COBBLE",34.75,NA,NA,NA,NA,8.83758134003877,12.2955074616781,1.26570048309179,12.9599199501762,NA,NA,NA,NA,NA,11.0546202054126,54.1767001706245,21.3868844085502,20.5788279161909,1.52421827099939,4.72992766166014,NA,NA,NA,NA,NA,NA,NA,NA,NA,NA,NA,NA,NA,NA,NA,NA,50.4441679404363,634.009385320655,18.9925273305531,221.421214462032,1.45412844036697,NA,NA,NA,NA,NA,NA,NA
"95","DRONE",2222-07-27,"BG",4,"COBBLE",41.25,NA,NA,8.948922586169,35.9967897286349,2.6846767758507,10.2823120515082,1.24183006535948,10.5728001116368,NA,NA,NA,NA,NA,10.2747755013396,77.3040062127414,54.8673011771534,27.0602932137026,1.47783251231527,10.2078982643486,NA,NA,NA,NA,NA,NA,NA,NA,NA,NA,NA,NA,NA,NA,NA,NA,30.3999585864183,328.113149430145,13.5326439805963,59.7240687676983,1.54330708661417,NA,NA,NA,NA,NA,NA,NA
"96","DRONE",2222-07-27,"BG",5,"COBBLE",45.25,NA,NA,9.39601796073799,55.1063756075715,4.91576804526989,5.76331425997159,1.37606837606838,27.2992413724145,NA,NA,NA,NA,NA,28.4742697496158,246.292962956212,21.7458818843907,29.8205155453389,1.80035971223022,13.8520061708774,NA,NA,NA,NA,NA,NA,NA,NA,NA,NA,NA,NA,NA,NA,NA,NA,85.7561325406527,464.278742965971,22.968034160839,90.6471748214446,1.45901639344262,NA,NA,NA,NA,NA,NA,NA
"97","DRONE",2222-07-27,"BG",6,"COBBLE",40.75,NA,NA,9.56040501529972,90.2614708797414,0.98178005349424,0.796974396365912,1.37704918032787,9.56473099041976,NA,NA,NA,NA,NA,NA,NA,77.6932972062469,74.2656517412653,1.38601210490921,28.963104938181,NA,NA,NA,NA,NA,NA,NA,NA,NA,NA,NA,NA,NA,NA,NA,NA,18.2535254038872,399.672960650234,22.883747796946,37.0377695824645,1.336,NA,NA,NA,NA,NA,NA,NA
"98","DRONE",2222-07-27,"BG",7,"COBBLE",44.75,NA,NA,NA,NA,NA,NA,NA,NA,NA,NA,NA,NA,NA,8.01006906687273,41.8391945056256,39.8018940605773,14.9548983283609,1.36924493554328,7.79938238670189,NA,NA,NA,NA,NA,NA,NA,NA,NA,NA,NA,NA,NA,NA,NA,NA,13.6416612517348,73.560763624806,14.7969394389911,12.6513832203374,1.32535885167464,NA,NA,NA,NA,NA,NA,NA
"99","DRONE",2222-07-27,"BG",8,"COBBLE",46.75,NA,NA,13.8805342230204,131.921195877008,5.34437981425163,3.32650182830989,1.37891737891738,7.54786785485753,NA,NA,NA,NA,NA,125.808709950631,1123.07107764477,43.6603364965674,94.695729833771,2.02992518703242,14.7316990574509,NA,NA,NA,NA,NA,NA,NA,NA,NA,NA,NA,NA,NA,NA,NA,NA,50.4864048168042,172.232474297959,11.8281863996492,52.1097323051212,1.44736842105263,NA,NA,NA,NA,NA,NA,NA
"100","DRONE",2222-07-27,"BG",9,"COBBLE",52.75,NA,NA,NA,NA,NA,NA,NA,NA,NA,NA,NA,NA,NA,18.9688163101654,167.253889965593,3.73357374874121,16.2085799483395,1.7175572519084,5.88823672961384,NA,NA,NA,NA,NA,NA,NA,NA,NA,NA,NA,NA,NA,NA,NA,NA,19.3572223786928,119.497773569317,2.16959344094912,20.9148807707495,1.5375,NA,NA,NA,NA,NA,NA,NA
"101","DRONE",2222-07-27,"BG",10,"COBBLE",57.25,NA,NA,NA,NA,NA,NA,NA,NA,NA,NA,NA,NA,NA,0.355431469322628,0.785690616397385,4.69506264055751,1.59831919678553,1.31111111111111,0.974256364332756,NA,NA,NA,NA,NA,NA,NA,NA,NA,NA,NA,NA,NA,NA,NA,NA,0.626681801174107,1.64854727547665,1.68572727785974,0.589068032096543,1.32621359223301,NA,NA,NA,NA,NA,NA,NA
"102","DRONE",2222-07-27,"BG",11,"COBBLE",42,NA,NA,6.9975570522892,58.2954376987702,21.1418296098243,16.9626307334637,1.23453370267775,18.3462266476184,NA,NA,NA,NA,NA,NA,NA,44.8403455910692,42.7163292209659,1.32368148914168,15.3356987188064,NA,NA,NA,NA,NA,NA,NA,NA,NA,NA,NA,NA,NA,NA,NA,NA,14.0268248320418,349.426601733359,14.9795598940926,32.9550317670036,1.26785714285714,NA,NA,NA,NA,NA,NA,NA
"103","DRONE",2222-07-27,"BG",12,"COBBLE",22.5,NA,NA,3.83024175493725,17.1869822336928,7.67005911426184,4.76592562057124,1.19109947643979,6.84041892900972,NA,NA,NA,NA,NA,NA,NA,NA,NA,NA,NA,NA,NA,NA,NA,NA,NA,NA,NA,NA,NA,NA,NA,NA,NA,NA,NA,0.564481294042641,8.03524546261642,0.862374371312507,0.391385291595676,1.38461538461538,NA,NA,NA,NA,NA,NA,NA
"104","DRONE",2222-07-27,"BG",13,"COBBLE",41,NA,NA,0.950047786655297,5.25874889052404,2.12089465292206,1.21481624107244,1.07142857142857,1.54142677804462,NA,NA,NA,NA,NA,1.50473783229677,10.6746359043276,10.7824111439399,6.47631446416263,1.56461232604374,2.38648848000846,NA,NA,NA,NA,NA,NA,NA,NA,NA,NA,NA,NA,NA,NA,NA,NA,2.35711515224641,49.0259859050078,6.7897348691573,3.57140054117674,1.41025641025641,NA,NA,NA,NA,NA,NA,NA
"105","DRONE",2222-07-27,"BG",14,"COBBLE",45,NA,NA,NA,NA,NA,NA,NA,NA,NA,NA,NA,NA,NA,26.3978016919943,129.758208316986,87.0272315780999,59.3638226049853,0.898401826484018,42.0010093587645,NA,NA,NA,NA,NA,NA,NA,NA,NA,NA,NA,NA,NA,NA,NA,NA,46.0291949103482,251.388404779276,97.6972609035159,57.6006767410312,1.38311688311688,NA,NA,NA,NA,NA,NA,NA
"106","DRONE",2222-07-27,"BG",15,"COBBLE",51.75,NA,NA,NA,NA,NA,NA,NA,NA,NA,NA,NA,NA,NA,20.437309486051,134.752955806941,7.35476567895844,16.6431229799656,3.44476744186047,7.51737557617354,NA,NA,NA,NA,NA,NA,NA,NA,NA,NA,NA,NA,NA,NA,NA,NA,14.5526922010493,171.746893201449,8.24445507560664,6.33521284757142,1.42424242424242,NA,NA,NA,NA,NA,NA,NA
"107","DRONE",2222-07-27,"BG",16,"COBBLE",38.75,NA,NA,4.34935876934265,39.3312981184643,9.20906568460416,2.96250960497944,1.23473053892216,8.97698296532606,NA,NA,NA,NA,NA,5.82428244878508,33.4620021447814,36.7488546573424,15.8795509574388,0.423547400611621,8.09085957519574,NA,NA,NA,NA,NA,NA,NA,NA,NA,NA,NA,NA,NA,NA,NA,NA,12.1781932028734,114.093864893717,6.26060380694021,40.2765511579821,1.3375,NA,NA,NA,NA,NA,NA,NA
"108","DRONE",2222-07-27,"BG",17,"COBBLE",41.75,NA,NA,5.53958651858749,26.2995903649446,15.7240894418139,11.0140425587866,1.25416666666667,7.98668541757519,NA,NA,NA,NA,NA,8.60360220680266,33.2998973343911,80.9149093372677,33.7644930320944,2.0754132231405,28.8554232331658,NA,NA,NA,NA,NA,NA,NA,NA,NA,NA,NA,NA,NA,NA,NA,NA,49.9737593053407,711.271072124162,31.2842887316138,84.6516048031901,1.43877551020408,NA,NA,NA,NA,NA,NA,NA
"109","DRONE",2222-07-27,"BG",18,"COBBLE",45.5,NA,NA,NA,NA,NA,NA,NA,NA,NA,NA,NA,NA,NA,0.530516543437966,7.94897928308291,3.09050000940953,2.13759583984159,3.03153153153153,0.606191878477133,NA,NA,NA,NA,NA,NA,NA,NA,NA,NA,NA,NA,NA,NA,NA,NA,0.889003830566527,5.47857645178392,0.849107073292315,1.62126381806752,1.37853107344633,NA,NA,NA,NA,NA,NA,NA
"110","DRONE",2222-07-27,"BG",19,"COBBLE",45,NA,NA,3.17140743597902,19.6422654099346,7.06288512251421,4.40942551847572,1.23327615780446,1.88822968077645,NA,NA,NA,NA,NA,10.3016666980318,65.5560608056567,16.6699697477241,9.58523260494138,3.26455026455026,21.0819966971842,NA,NA,NA,NA,NA,NA,NA,NA,NA,NA,NA,NA,NA,NA,NA,NA,11.2315175123485,19.8149536599969,4.4640555691471,5.05468445983426,1.42352941176471,NA,NA,NA,NA,NA,NA,NA
"111","DRONE",2222-07-27,"BG",20,"COBBLE",44,NA,NA,15.3738860888013,112.494060040611,9.84589598957339,6.76163941452631,1.29197080291971,23.7339363640184,NA,NA,NA,NA,NA,9.48440815508272,65.9804740404071,16.6793348992678,24.483315680604,0.555555555555556,9.01474755894159,NA,NA,NA,NA,NA,NA,NA,NA,NA,NA,NA,NA,NA,NA,NA,NA,23.2715853782494,78.6738736677923,21.8738722888208,44.0602284674819,1.12015503875969,NA,NA,NA,NA,NA,NA,NA
"112","DRONE",2222-07-27,"BG",21,"COBBLE",43.75,NA,NA,19.1745924239838,70.8992246701448,NA,NA,NA,31.5211592530855,NA,NA,NA,NA,NA,0.451304431442544,3.51456248942044,1.21746970067648,0.696767274848694,1.29903536977492,0.377178263169339,NA,NA,NA,NA,NA,NA,NA,NA,NA,NA,NA,NA,NA,NA,NA,NA,6.98719850588985,32.2612312413796,11.9873939758915,17.2943131839685,1.34272300469484,NA,NA,NA,NA,NA,NA,NA
"113","DRONE",2222-07-27,"GR",1,"COBBLE",41.25,NA,NA,5.41097644745103,26.5685023318663,5.35686668297652,9.47191427126302,1.02461538461538,8.91899151506816,NA,NA,NA,NA,NA,0.730739040548163,3.50754739463118,0.409725380035354,1.40672380478805,1.55844155844156,1.27718569507008,NA,NA,NA,NA,NA,NA,NA,NA,NA,NA,NA,NA,NA,NA,NA,NA,34.9471516739359,45.9598791722608,54.5894683480247,87.7196284488949,1.41787439613527,NA,NA,NA,NA,NA,NA,NA
"114","DRONE",2222-07-27,"GR",2,"COBBLE",50.25,NA,NA,11.5982900515804,101.578572548519,3.49632324296836,8.56599194527248,1.40740740740741,13.7682927063922,NA,NA,NA,NA,NA,10.1069978176297,71.1961970162236,1.91049091490771,9.45693002879317,1.72368421052632,14.3286818618078,NA,NA,NA,NA,NA,NA,NA,NA,NA,NA,NA,NA,NA,NA,NA,NA,174.494350640177,144.738967100322,66.6767572737153,184.643327834904,1.68263473053892,NA,NA,NA,NA,NA,NA,NA
"115","DRONE",2222-07-27,"GR",3,"COBBLE",37,NA,NA,2.70081149386601,11.4784488489305,3.36521112135704,9.25433058373187,1.14772727272727,11.89257327799,NA,NA,NA,NA,NA,0.80673590076517,4.29089964609881,0.37460606174661,1.15503535705205,1.53658536585366,1.72571331815854,NA,NA,NA,NA,NA,NA,NA,NA,NA,NA,NA,NA,NA,NA,NA,NA,16.9317186824835,55.6049340992884,12.7553364024721,4.60609370089269,1.58490566037736,NA,NA,NA,NA,NA,NA,NA
"116","DRONE",2222-07-27,"GR",4,"COBBLE",71.75,NA,NA,NA,NA,NA,NA,NA,NA,NA,NA,NA,NA,NA,2.74290206260158,26.0774456966179,1.2205914178577,2.82858793790503,1.71212121212121,5.00877767953332,NA,NA,NA,NA,NA,NA,NA,NA,NA,NA,NA,NA,NA,NA,NA,NA,350.615035149482,1797.21126817803,524.037980635923,603.816897090944,1.34065934065934,NA,NA,NA,NA,NA,NA,NA
"117","DRONE",2222-07-27,"GR",5,"COBBLE",86.25,NA,NA,1.34689819953837,3.1801763044656,3.19663839357107,3.79600809236565,1.30534351145038,2.17075093158934,NA,NA,NA,NA,NA,0.450135248977667,1.84146238218137,0.156085859061088,1.54837172188599,3.54320987654321,0.669356961142116,NA,NA,NA,NA,NA,NA,NA,NA,NA,NA,NA,NA,NA,NA,NA,NA,13.743217473954,21.3557396265459,7.97598739802157,2.5523159673669,1.86138613861386,NA,NA,NA,NA,NA,NA,NA
"118","DRONE",2222-07-28,"GC",1,"COBBLE",36,NA,NA,5.59095759005629,32.1502523761752,9.58991518071321,8.76578184487067,1.06846473029046,13.6541804978203,NA,NA,NA,NA,NA,1.93791993553373,10.803245975464,1.05357954866234,3.45339963172656,1.53184713375796,3.23571247154726,NA,NA,NA,NA,NA,NA,NA,NA,NA,NA,NA,NA,NA,NA,NA,NA,34.0651123923333,319.517023444732,16.9321939909468,80.8512263067708,1.55263157894737,NA,NA,NA,NA,NA,NA,NA
"119","DRONE",2222-07-28,"GC",2,"COBBLE",26.125,NA,NA,4.60891727654537,13.8267518296361,6.38078991841725,3.58919432910971,1.03888888888889,18.7386627419544,NA,NA,NA,NA,NA,0.25552482769888,0.375132193855805,0.26128772806826,0.470317910522868,1.50561797752809,0.550846288137248,NA,NA,NA,NA,NA,NA,NA,NA,NA,NA,NA,NA,NA,NA,NA,NA,36.499687445868,92.2756239996074,33.5038296474624,19.6555800598446,1.59060402684564,NA,NA,NA,NA,NA,NA,NA
"120","DRONE",2222-07-28,"GC",3,"COBBLE",16.25,NA,NA,4.66503803485946,21.4924966606026,3.70703915270083,4.23343871238434,0.990147783251232,26.4685372311193,NA,NA,NA,NA,NA,0.873379301263163,4.1406596993621,0.365240910202944,2.20127887033852,1.4468085106383,1.55840330743463,NA,NA,NA,NA,NA,NA,NA,NA,NA,NA,NA,NA,NA,NA,NA,NA,28.7970053751854,202.044881185569,46.160831958726,29.4089171349948,1.45145631067961,NA,NA,NA,NA,NA,NA,NA
"121","DRONE",2222-07-28,"GC",4,"COBBLE",21.5,NA,NA,12.3676121134695,41.369183154745,7.55143386137541,33.9302562144173,1.075,48.8185123114627,NA,NA,NA,NA,NA,0.385830213409428,0.776044861062149,0.316073864598702,0.683656062687563,1.3265306122449,0.805069815752721,NA,NA,NA,NA,NA,NA,NA,NA,NA,NA,NA,NA,NA,NA,NA,NA,16.0699576139331,99.5600713267874,18.1215682369922,6.1210630489396,1.54961832061069,NA,NA,NA,NA,NA,NA,NA
"122","DRONE",2222-07-28,"GC",5,"COBBLE",11,NA,NA,4.09213862706971,12.0425793882337,3.24658586847062,16.682456616449,1.171875,17.8230174945859,NA,NA,NA,NA,NA,0.673449099769186,1.86601521394379,0.674290911143897,0.951499396836389,1.53164556962025,1.18639283076005,NA,NA,NA,NA,NA,NA,NA,NA,NA,NA,NA,NA,NA,NA,NA,NA,46.9711874458669,411.62151320547,56.5046418387042,20.2046901120215,1.57291666666667,NA,NA,NA,NA,NA,NA,NA
"123","DRONE",2222-07-28,"GC",6,"COBBLE",32.25,NA,NA,11.079173037175,34.0442550122902,4.81056617626272,15.9969275234527,1.18029350104822,30.489238809585,NA,NA,NA,NA,NA,1.19490447910435,3.84661030944552,0.830376770204985,3.36084071730334,1.46103896103896,1.8231296011321,NA,NA,NA,NA,NA,NA,NA,NA,NA,NA,NA,NA,NA,NA,NA,NA,23.9960113972883,129.129433122446,23.0710508278193,20.4090065015325,1.59722222222222,NA,NA,NA,NA,NA,NA,NA
"124","DRONE",2222-07-28,"GC",7,"COBBLE",26.5,NA,NA,2.71601086590941,8.44383576134212,6.31835557479282,25.4457410875747,1.06460674157303,12.5259194192139,NA,NA,NA,NA,NA,0.630773939801173,1.89232181940352,0.324658586847062,3.86546629964783,1.40584415584416,1.07003579185548,NA,NA,NA,NA,NA,NA,NA,NA,NA,NA,NA,NA,NA,NA,NA,NA,41.0383045171847,110.555087840859,54.7861365304417,21.4031173378925,1.56306306306306,NA,NA,NA,NA,NA,NA,NA
"125","DRONE",2222-07-28,"GC",8,"COBBLE",17.75,NA,NA,19.9789899598192,77.2969911179521,3.39642829316926,9.40011477609493,1.24766355140187,26.0400318577419,NA,NA,NA,NA,NA,1.32234536777596,8.13166404321994,1.98853384443825,3.12483889840297,1.42920353982301,2.83194699912662,NA,NA,NA,NA,NA,NA,NA,NA,NA,NA,NA,NA,NA,NA,NA,NA,58.1128113977564,291.177810972416,83.0142641416393,30.0360701167022,1.625,NA,NA,NA,NA,NA,NA,NA
"126","DRONE",2222-07-28,"GC",9,"COBBLE",15.625,NA,NA,5.24202958127629,13.5864848331039,4.85583107539043,8.74049593570277,1.07905138339921,16.9100029077634,NA,NA,NA,NA,NA,0.196422654099346,0.422308706313594,0.209779394578102,0.55198203198363,1.56,0.136611955926095,NA,NA,NA,NA,NA,NA,NA,NA,NA,NA,NA,NA,NA,NA,NA,NA,14.1217550263004,18.9048189541932,12.5867636746861,23.1456598684505,1.70555555555556,NA,NA,NA,NA,NA,NA,NA
"127","DRONE",2222-07-28,"GC",10,"COBBLE",61,NA,NA,1.06980195536251,1.40301895785247,0.280954546309957,1.88239546027672,1.31944444444444,1.33251725522038,NA,NA,NA,NA,NA,NA,NA,NA,NA,NA,NA,NA,NA,NA,NA,NA,NA,NA,NA,NA,NA,NA,NA,NA,NA,NA,NA,8.21920452185778,5.56382647053538,2.99840935256349,19.4720230895888,1.68181818181818,NA,NA,NA,NA,NA,NA,NA
"128","DRONE",2222-07-28,"GC",11,"COBBLE",47,NA,NA,1.14141438133623,2.97410789503102,2.66126389699154,4.12925140146107,1.18181818181818,4.34380515263449,NA,NA,NA,NA,NA,0.12942849886189,0.255700205068613,0.13485818222878,0.378445773879512,1.37864077669903,0.230256456267958,NA,NA,NA,NA,NA,NA,NA,NA,NA,NA,NA,NA,NA,NA,NA,NA,5.73876920998099,17.8916350884262,1.72630960121563,7.94102416559188,1.768,NA,NA,NA,NA,NA,NA,NA
"129","DRONE",2222-07-28,"GC",12,"COBBLE",40.5,NA,NA,15.1900185836827,81.4873410720715,3.09674344377197,9.49002023091411,1.06698564593301,30.6568995750484,NA,NA,NA,NA,NA,NA,NA,NA,NA,NA,NA,NA,NA,NA,NA,NA,NA,NA,NA,NA,NA,NA,NA,NA,NA,NA,NA,64.649093048922,467.430488426579,133.621982225016,340.550468587366,1.39491916859122,NA,NA,NA,NA,NA,NA,NA
"130","DRONE",2222-07-28,"GC",13,"COBBLE",38,NA,NA,10.4758748852985,47.7143363916328,16.6075354040997,58.9567506845539,1.16254416961131,21.1645409792045,NA,NA,NA,NA,NA,6.42933437435895,16.3755696030681,7.40939572962982,9.48549374100135,1.37735849056604,6.84421877202057,NA,NA,NA,NA,NA,NA,NA,NA,NA,NA,NA,NA,NA,NA,NA,NA,99.1486216590161,301.822913884434,31.7672183795488,246.195942441503,1.54587155963303,NA,NA,NA,NA,NA,NA,NA
"131","DRONE",2222-07-28,"GC",14,"COBBLE",25.5,NA,NA,17.4114652669492,86.4014149719498,6.44790683781352,6.14541244295313,1.18305084745763,17.232580349823,NA,NA,NA,NA,NA,5.17012485968636,27.8873401522476,5.64718638083014,4.23538978562261,1.52972972972973,4.46902459462283,NA,NA,NA,NA,NA,NA,NA,NA,NA,NA,NA,NA,NA,NA,NA,NA,113.368707328491,615.810545007373,58.8131516942177,140.171344871219,1.66428571428571,NA,NA,NA,NA,NA,NA,NA
"132","DRONE",2222-07-28,"GC",15,"COBBLE",22,NA,NA,1.25511737604552,3.87642446229989,0.830376770204985,1.2663245745626,1.04651162790698,4.22741303825598,NA,NA,NA,NA,NA,0.475857263204965,0.475857263204962,0.346510607115614,0.462014142820819,1.53846153846154,0.973776999522156,NA,NA,NA,NA,NA,NA,NA,NA,NA,NA,NA,NA,NA,NA,NA,NA,14.0183853324851,18.8964169344557,5.34281895566102,24.2207792656633,1.66666666666667,NA,NA,NA,NA,NA,NA,NA
"133","DRONE",2222-07-28,"GC",16,"COBBLE",47,NA,NA,7.53888853352727,18.4216389166029,4.7075495092824,17.4503990430296,1.07207207207207,28.6599359250384,NA,NA,NA,NA,NA,0.89851672425802,3.01765994184769,1.85586086423633,2.24740224169107,1.36011904761905,1.83263505457155,NA,NA,NA,NA,NA,NA,NA,NA,NA,NA,NA,NA,NA,NA,NA,NA,25.1818519285221,69.8124974067194,27.0887008400517,5.87616433607276,1.5625,NA,NA,NA,NA,NA,NA,NA
"134","DRONE",2222-07-28,"GC",17,"COBBLE",37.5,NA,NA,10.2630836766908,47.997278548133,15.246466713087,20.6651433962517,1.103125,29.7397928495988,NA,NA,NA,NA,NA,2.5914929334,10.8552745951511,3.58060960686135,4.75156572153762,1.43492063492063,5.07425189756644,NA,NA,NA,NA,NA,NA,NA,NA,NA,NA,NA,NA,NA,NA,NA,NA,143.293054257891,279.433959559803,100.956333640711,180.038794992602,1.53846153846154,NA,NA,NA,NA,NA,NA,NA
"135","DRONE",2222-07-28,"GC",18,"COBBLE",28,NA,NA,NA,NA,NA,NA,NA,NA,NA,NA,NA,NA,NA,0.58400664120609,2.05483818202143,0.779648866010132,1.01931870259843,1.4695652173913,1.09165982154339,NA,NA,NA,NA,NA,NA,NA,NA,NA,NA,NA,NA,NA,NA,NA,NA,39.5505198306287,69.443592501373,34.4169319229698,26.9599300063263,1.57432432432432,NA,NA,NA,NA,NA,NA,NA
"136","DRONE",2222-07-28,"GC",19,"COBBLE",25.25,NA,NA,17.5792309080796,100.740268721202,6.24967779680595,28.4119967531716,1.07826086956522,41.6465132354138,NA,NA,NA,NA,NA,3.61745054632962,13.038722848309,1.53900657034232,2.78878604384445,1.43006993006993,5.92506597725747,NA,NA,NA,NA,NA,NA,NA,NA,NA,NA,NA,NA,NA,NA,NA,NA,45.7651172673527,360.500660579673,101.877240209172,43.0890622524038,1.61666666666667,NA,NA,NA,NA,NA,NA,NA
"137","DRONE",2222-07-28,"GC",20,"COBBLE",21.125,NA,NA,5.19292391775146,20.5138909375004,2.06501591537819,3.09752387306728,1.125,10.0175553590666,NA,NA,NA,NA,NA,1.22325715387762,3.3014789851966,1.47501136812728,3.29419205548425,1.47863247863248,1.57287194043749,NA,NA,NA,NA,NA,NA,NA,NA,NA,NA,NA,NA,NA,NA,NA,NA,57.2257760453034,74.2202640779789,105.545257897107,32.5813622204114,1.56269113149847,NA,NA,NA,NA,NA,NA,NA
"138","DRONE",2222-07-28,"GC",21,"COBBLE",33.25,NA,NA,7.03146334377063,24.4400056545576,7.41876088117348,6.3589378981487,1.03370786516854,37.9018556369056,NA,NA,NA,NA,NA,1.29779253601354,3.50754739463118,0.280954546309958,3.9474113756549,1.51111111111111,2.23781523777469,NA,NA,NA,NA,NA,NA,NA,NA,NA,NA,NA,NA,NA,NA,NA,NA,54.0007346880266,133.690013994474,72.3863779981699,36.3099412216626,1.64248704663212,NA,NA,NA,NA,NA,NA,NA
"139","DRONE",2222-07-28,"DL",1,"COBBLE",44.25,NA,NA,1.16918246487706,4.93979591410558,0.917004421983889,1.86912816225652,1.27309236947791,2.23459998599628,NA,NA,NA,NA,NA,2.19338630410936,16.7613998164775,0.742968689130776,2.43868546197043,1.3801652892562,3.51760236382912,NA,NA,NA,NA,NA,NA,NA,NA,NA,NA,NA,NA,NA,NA,NA,NA,44.1321617505292,700.841869057748,119.70848874831,-2.1238602842443,1.62658227848101,NA,NA,NA,NA,NA,NA,NA
"140","DRONE",2222-07-28,"DL",2,"COBBLE",49.5,NA,NA,3.76535212813656,15.8611293185222,0.889689396648199,0.480432274190027,1.45161290322581,5.75465763300164,NA,NA,NA,NA,NA,2.54414104357247,14.5539833227896,0,3.91588203212456,1.47272727272727,6.15831787900045,NA,NA,NA,NA,NA,NA,NA,NA,NA,NA,NA,NA,NA,NA,NA,NA,110.972269557683,831.570020415283,220.159104205664,289.593898608989,1.5547703180212,NA,NA,NA,NA,NA,NA,NA
"141","DRONE",2222-07-28,"DL",3,"COBBLE",46,NA,NA,5.33030285737451,28.0802552589523,2.49425202779618,7.98160648894776,1.33898305084746,14.0346324718912,NA,NA,NA,NA,NA,4.69941199932685,40.413142653215,0.961488891816299,1.94941872815754,1.51428571428571,2.64229391149891,NA,NA,NA,NA,NA,NA,NA,NA,NA,NA,NA,NA,NA,NA,NA,NA,114.268386131648,1474.31438636476,100.386620255138,43.8531025325078,1.73684210526316,NA,NA,NA,NA,NA,NA,NA
"142","DRONE",2222-07-28,"DL",4,"COBBLE",46.5,NA,NA,3.60926626907548,12.5587734464769,0.885006820876366,3.10735728218813,1.36764705882353,7.72677615563302,NA,NA,NA,NA,NA,2.21922523658315,13.1620715983535,0.338081970726315,1.66727792931872,1.66292134831461,2.1279237779009,NA,NA,NA,NA,NA,NA,NA,NA,NA,NA,NA,NA,NA,NA,NA,NA,116.563316096582,199.723770124052,325.332877758206,372.099478935948,1.51422319474836,NA,NA,NA,NA,NA,NA,NA
"143","DRONE",2222-07-28,"DL",5,"COBBLE",56.5,NA,NA,9.61067986128944,57.9844351631129,12.402582360994,14.0918996136122,1.2468085106383,17.1390457526328,NA,NA,NA,NA,NA,4.62879337844828,27.7295005194892,1.50154596416766,10.7071777598725,1.38036809815951,12.3290290921286,NA,NA,NA,NA,NA,NA,NA,NA,NA,NA,NA,NA,NA,NA,NA,NA,258.194473172668,454.156871287324,522.914162450683,517.04970455404,1.39024390243902,NA,NA,NA,NA,NA,NA,NA
"144","DRONE",2022-08-15,"DL",1,"COBBLE",17.25,NA,NA,2.92202081622075,16.3201503542329,3.15019660706603,6.43601590489853,1.22631578947368,5.877246414444,NA,NA,NA,NA,NA,7.20508693980489,46.4516193295656,16.9599089862963,27.8058597568501,1.55944055944056,22.2933866490433,NA,NA,NA,NA,NA,NA,NA,NA,NA,NA,NA,NA,NA,NA,NA,NA,133.567404787555,293.856474809876,173.286520729619,252.259721980167,1.57818181818182,NA,NA,NA,NA,NA,NA,NA
"145","DRONE",2022-08-15,"DL",2,"COBBLE",18.125,NA,NA,1.38898876827395,7.75869483692416,1.47883234995709,2.49446805062512,1.10471204188482,3.27184020971196,NA,NA,NA,NA,NA,10.0841987595646,66.9356961142116,14.9730237987444,25.0786564131616,1.7027027027027,29.0834138138168,NA,NA,NA,NA,NA,NA,NA,NA,NA,NA,NA,NA,NA,NA,NA,NA,268.97394439746,492.601959532042,373.552482197947,369.069852411572,1.53125,NA,NA,NA,NA,NA,NA,NA
"146","DRONE",2022-08-15,"DL",3,"COBBLE",15.375,NA,NA,11.9817819000601,95.4614098922822,15.23240962062,32.200684730919,1.22151898734177,22.4903938943751,NA,NA,NA,NA,NA,9.66680061960354,77.0912150041338,19.5345042589709,36.3900273150883,1.37448559670782,25.6808590045316,NA,NA,NA,NA,NA,NA,NA,NA,NA,NA,NA,NA,NA,NA,NA,NA,96.4103046256886,252.990934195736,47.7903683273237,123.19294946599,1.53333333333333,NA,NA,NA,NA,NA,NA,NA
"147","DRONE",2022-08-15,"DL",4,"COBBLE",16.375,NA,NA,3.50403984723655,20.8821834139367,3.57245646201329,7.58542928343599,1.36796536796537,5.77061697364721,NA,NA,NA,NA,NA,17.8253558595156,136.120899290847,13.9313731118608,16.6991991661212,1.53125,37.6493122244921,NA,NA,NA,NA,NA,NA,NA,NA,NA,NA,NA,NA,NA,NA,NA,NA,238.652691254097,416.718462938904,172.176750271695,79.1280384227364,1.8041958041958,NA,NA,NA,NA,NA,NA,NA
"148","DRONE",2022-08-15,"DL",5,"COBBLE",18,NA,NA,1.29896171847841,5.45306701618661,1.49949343512101,2.73905006528393,1.22727272727273,2.70338369528874,NA,NA,NA,NA,NA,11.973597622806,80.5163350349911,21.8436540665066,28.5174514812705,1.78070175438596,31.0091742517158,NA,NA,NA,NA,NA,NA,NA,NA,NA,NA,NA,NA,NA,NA,NA,NA,260.261405809314,178.623853730666,172.462387393777,110.975797105561,1.62251655629139,NA,NA,NA,NA,NA,NA,NA
"149","DRONE",2022-08-15,"DL",6,"COBBLE",15.375,NA,NA,1.80054099591067,9.15002197012787,2.13529201256185,4.01821067263814,1.14,4.95639830510683,NA,NA,NA,NA,NA,12.2904460707877,73.8707019046299,25.9759393868531,39.5887707215761,1.76978417266187,37.3322299400175,NA,NA,NA,NA,NA,NA,NA,NA,NA,NA,NA,NA,NA,NA,NA,NA,272.330957426688,375.298981786042,184.296817227788,18.9881569264993,1.91463414634146,NA,NA,NA,NA,NA,NA,NA
"150","DRONE",2022-08-15,"DL",7,"COBBLE",15.375,NA,NA,2.84988225813783,17.8630619940079,2.7032545050108,5.86557574454431,1.31901840490798,4.21098602462446,NA,NA,NA,NA,NA,15.8541142237329,109.393388143757,27.3159501444052,42.4569032069816,1.67832167832168,45.1842255376388,NA,NA,NA,NA,NA,NA,NA,NA,NA,NA,NA,NA,NA,NA,NA,NA,190.862320323294,562.536989453846,257.089018459517,111.141560287883,1.56060606060606,NA,NA,NA,NA,NA,NA,NA
"151","DRONE",2022-08-15,"DL",8,"COBBLE",17.75,NA,NA,11.5678913074936,85.8250080167654,8.05006574673196,17.4452763051352,1.2511961722488,21.3628343252477,NA,NA,NA,NA,NA,20.3461132537906,121.176409024788,15.7548968882461,22.4328879398284,1.69827586206897,38.1174528834289,NA,NA,NA,NA,NA,NA,NA,NA,NA,NA,NA,NA,NA,NA,NA,NA,307.69106703957,443.606923821283,229.099702212683,550.737715515195,1.48494983277592,NA,NA,NA,NA,NA,NA,NA
"152","DRONE",2022-08-15,"DL",9,"COBBLE",16.5,NA,NA,0.925992512182632,3.71683105584417,1.2791922927836,1.33480755739737,1.2312925170068,1.87950757958847,NA,NA,NA,NA,NA,15.2432163858347,91.459298315008,24.4001706945554,40.2599231363089,1.77514792899408,37.218000813199,NA,NA,NA,NA,NA,NA,NA,NA,NA,NA,NA,NA,NA,NA,NA,NA,255.720810462548,425.161974570454,355.75088997203,740.608670941773,1.48076923076923,NA,NA,NA,NA,NA,NA,NA
"153","DRONE",2022-08-15,"DL",10,"COBBLE",19,NA,NA,2.48948176333948,14.295886293668,3.07053701825026,6.70473452952351,1.27570093457944,5.1131272145236,NA,NA,NA,NA,NA,28.2240647021322,210.289158132788,20.4515398981266,31.6352087642479,1.62676056338028,45.8342909881105,NA,NA,NA,NA,NA,NA,NA,NA,NA,NA,NA,NA,NA,NA,NA,NA,228.181017090906,568.154584743496,99.4953699998996,179.091665999819,1.76666666666667,NA,NA,NA,NA,NA,NA,NA
"154","DRONE",2022-08-15,"DL",11,"COBBLE",19,NA,NA,1.06629440796788,3.19888322390363,1.07576793395717,1.19169001389345,1.21649484536082,1.53046569243639,NA,NA,NA,NA,NA,11.2107060644737,75.2088312356817,18.1657795565713,28.0995089611849,1.59154929577465,31.9372712923353,NA,NA,NA,NA,NA,NA,NA,NA,NA,NA,NA,NA,NA,NA,NA,NA,217.090175612731,567.897691972314,150.869469651266,564.543821920866,1.53526970954357,NA,NA,NA,NA,NA,NA,NA
"155","DRONE",2022-08-15,"DL",12,"COBBLE",17.125,NA,NA,NA,NA,NA,NA,NA,NA,NA,NA,NA,NA,NA,30.7354686366882,217.87481396491,31.7012408869236,52.0792627845739,1.71270718232044,60.7025505574591,NA,NA,NA,NA,NA,NA,NA,NA,NA,NA,NA,NA,NA,NA,NA,NA,304.033798952768,867.22573026497,179.29426544488,630.002953408046,2.39814814814815,NA,NA,NA,NA,NA,NA,NA
"156","DRONE",2022-08-15,"DL",13,"COBBLE",21.375,NA,NA,0.899685906722895,3.31550917477512,1.29483170564687,2.06484675732843,1.11678832116788,2.77969623477126,NA,NA,NA,NA,NA,9.00270497955336,58.5994251396382,19.2958801976383,36.0308675099544,1.54444444444444,26.3533727583289,NA,NA,NA,NA,NA,NA,NA,NA,NA,NA,NA,NA,NA,NA,NA,NA,177.430056617845,287.860626526195,128.62567387647,381.589499166862,1.48648648648649,NA,NA,NA,NA,NA,NA,NA
"157","DRONE",2022-08-15,"DL",14,"COBBLE",20.25,NA,NA,0.114287585941731,0.410090749555628,0.252931671603425,0.0600477127964615,1.25641025641026,0.338963534304833,NA,NA,NA,NA,NA,19.3967370923104,149.077779366614,17.7677333009402,28.0578024294291,0.148148148148148,47.2726192564022,NA,NA,NA,NA,NA,NA,NA,NA,NA,NA,NA,NA,NA,NA,NA,NA,274.449608661558,782.401104168356,134.663074904953,200.91730775819,1.72072072072072,NA,NA,NA,NA,NA,NA,NA
"158","DRONE",2022-08-15,"DL",15,"COBBLE",23.625,NA,NA,0.359523607949696,1.01865022252414,3.69687484155877,-2.94733743513527,0.38255033557047,0.836491594496292,NA,NA,NA,NA,NA,4.85678395909931,23.1240907903385,14.772192026037,20.6126259676827,1.4,15.4402236311664,NA,NA,NA,NA,NA,NA,NA,NA,NA,NA,NA,NA,NA,NA,NA,NA,172.139693033471,145.744370008302,38.0537324390931,241.641200988241,1.60176991150442,NA,NA,NA,NA,NA,NA,NA
"159","DRONE",2021-09-09,"GC",12.1,NA,NA,NA,NA,NA,NA,NA,NA,NA,NA,NA,NA,NA,NA,NA,0.683971741953079,2.8644970389488,1.51403283289255,0.638391163559848,1.24742268041237,0.712616712342568,1.89809290405015,0.122268074692244,0.199059160557644,0.0470105470069,2.26644325501844,NA,NA,NA,NA,NA,NA,NA,NA,NA,NA,NA,4.49093853478231,31.4151551864302,12.9256885090513,1.12022633745112,1.56928838951311,14.0883342497939,2.68978022155629,0.906399902139048,-0.0119376467585645,17.6726587945942,NA,NA
"160","DRONE",2222-07-27,"GR",1.5,NA,NA,NA,NA,NA,NA,NA,NA,NA,NA,NA,NA,NA,NA,NA,NA,NA,NA,NA,NA,NA,NA,NA,NA,NA,NA,NA,NA,NA,NA,NA,NA,NA,NA,NA,NA,NA,57.007367837991,36.5328906567406,96.0115336256561,77.609323014072,1.20631578947368,NA,NA,NA,NA,NA,NA,NA
"161","DRONE",2222-07-27,"GR",3.5,NA,NA,NA,NA,NA,NA,NA,NA,NA,NA,NA,NA,NA,NA,NA,NA,NA,NA,NA,NA,NA,NA,NA,NA,NA,NA,NA,NA,NA,NA,NA,NA,NA,NA,NA,NA,NA,8.23939486773511,155.716466584581,21.3759583984159,11.2709598828011,1.16292134831461,NA,NA,NA,NA,NA,NA,NA
"162","DRONE",2222-07-28,"GC",3.5,NA,NA,NA,NA,NA,NA,NA,NA,NA,NA,NA,NA,NA,NA,NA,NA,NA,NA,NA,NA,NA,NA,NA,NA,NA,NA,NA,NA,NA,NA,NA,NA,NA,NA,NA,NA,NA,66.0650829275605,26.7007055003338,51.5707678337833,97.1103780734461,1.31683168316832,NA,NA,NA,NA,NA,NA,NA
"163","DRONE",2222-07-28,"GC",10.7,NA,NA,NA,NA,NA,NA,NA,NA,NA,NA,NA,NA,NA,NA,NA,NA,NA,NA,NA,NA,NA,NA,NA,NA,NA,NA,NA,NA,NA,NA,NA,NA,NA,NA,NA,NA,NA,5.90100261679814,31.1696118475445,7.21116668862224,18.0279167215556,1.40853658536585,NA,NA,NA,NA,NA,NA,NA
"164","DRONE",2222-07-28,"GC",13.5,NA,NA,NA,NA,NA,NA,NA,NA,NA,NA,NA,NA,NA,NA,NA,NA,NA,NA,NA,NA,NA,NA,NA,NA,NA,NA,NA,NA,NA,NA,NA,NA,NA,NA,NA,NA,NA,4.67127367467215,18.3371979608063,4.68725834760446,10.1273187934605,1.4010989010989,NA,NA,NA,NA,NA,NA,NA
